{"project_name": "DashboardTests", "class_id": "com-snaplogic-export-project", "entries": [{"link_serial": 100, "scrub_version": "dd6f434acae80e6b7382efe3ee4050f30b91d7fb7a65709412322daf86e55107", "update_user_id": "rkappagantu@snaplogic.com", "class_fqid": "com-snaplogic-pipeline_9", "target_runtime": "standard", "class_version": 9, "snode_id": "5f5d161d5a24feaf2855d6b2", "org_snode_id": "5be4a4cded5edc0017b9aa70", "migrate_version": "develop-8246", "create_user_id": "rkappagantu@snaplogic.com", "project_snode_id": "5f5d1615eb9d0043aecabed1", "property_map": {"info": {"notes": {"value": null}, "label": {"value": "NestedChild"}, "purpose": {"value": null}, "pipeline_doc_uri": {"value": null}, "author": {"value": "automation@snaplogic.com"}}, "output": {}, "error": {"error_behavior": {"value": "none"}}, "input": {"41f79ff5-19c2-45ee-9680-ee72b7d4a19f_input0": {"view_type": {"value": "binary"}, "label": {"value": "File Writer - input0"}}}, "settings": {"param_table": {"value": []}}}, "instance_version": 2, "instance_fqid": "038c96b1-6f43-4d1c-b06e-c1e4b0a15056_2", "link_map": {}, "update_time": {"$date": 1599936029841}, "partition_snode_id": "5f5d15fc61d027429c9a666b", "path_id": "/Automation1/Raghu/DashboardTests", "snap_map": {"41f79ff5-19c2-45ee-9680-ee72b7d4a19f": {"instance_id": "41f79ff5-19c2-45ee-9680-ee72b7d4a19f", "class_id": "com-snaplogic-snaps-binary-write", "class_build_tag": "snapsmrc344", "class_fqid": "com-snaplogic-snaps-binary-write_3-snapsmrc344", "instance_version": 1, "property_map": {"info": {"notes": {"value": null}, "label": {"value": "File Writer"}}, "view_serial": 100, "account": {"account_ref": {"value": {}}}, "settings": {"execution_mode": {"value": "Execute only"}, "writeHeader": {"value": false}, "executable_during_suggest": {"value": false}, "filename": {"expression": false, "value": "testwrite.csv"}, "writeEmptyFile": {"value": false}, "UserPermissionsKey": {"value": []}, "fileAction": {"value": "OVERWRITE"}}, "error": {"error0": {"view_type": {"value": "document"}, "label": {"value": "error0"}}, "error_behavior": {"value": "fail"}}, "input": {"input0": {"view_type": {"value": "binary"}, "label": {"value": "input0"}}}}, "class_version": 3, "instance_fqid": "41f79ff5-19c2-45ee-9680-ee72b7d4a19f_1"}}, "path": "/Automation1/Raghu/DashboardTests/NestedChild", "scrub_backup": [], "name": "NestedChild", "class_id": "com-snaplogic-pipeline", "render_map": {"pan_x_num": 0, "default_snaplex": "53d959aaf17d8325780afe94", "scale_ratio": 1, "detail_map": {"41f79ff5-19c2-45ee-9680-ee72b7d4a19f": {"grid_x_int": 4, "error": {}, "grid_y_int": 2, "rot_tail_int": 0, "input": {}, "output": {}, "rot_int": 0}}, "pan_y_num": 0}, "org_id": "5be4a4cded5edc0017b9aa70", "instance_id": "038c96b1-6f43-4d1c-b06e-c1e4b0a15056", "create_time": {"$date": 1599936029793}}, {"link_serial": 102, "scrub_version": "dd6f434acae80e6b7382efe3ee4050f30b91d7fb7a65709412322daf86e55107", "update_user_id": "rkappagantu@snaplogic.com", "class_fqid": "com-snaplogic-pipeline_9", "target_runtime": "standard", "class_version": 9, "snode_id": "5f5d161f3435638acab009ea", "org_snode_id": "5be4a4cded5edc0017b9aa70", "migrate_version": "develop-8246", "create_user_id": "rkappagantu@snaplogic.com", "project_snode_id": "5f5d1615eb9d0043aecabed1", "property_map": {"info": {"notes": {"value": null}, "author": {"value": "automation@snaplogic.com"}, "purpose": {"value": null}, "pipeline_doc_uri": {"value": null}, "label": {"value": "TriggeredTaskpipeline_Delay"}}, "output": {}, "error": {"error_behavior": {"value": "none"}}, "input": {}, "settings": {"param_table": {"value": []}}}, "instance_version": 2, "instance_fqid": "1efa470e-92e3-4885-bec3-8e85f39776fa_2", "link_map": {"link100": {"src_view_id": "output0", "dst_view_id": "input0", "src_id": "47f554cd-3418-49ee-b1ca-c91cf909e3f3", "dst_id": "8debda33-5ca7-40ce-97e5-e1425ca92bb2"}, "link101": {"src_view_id": "output0", "dst_view_id": "input101", "src_id": "cfe3b5f9-0989-4a4c-9b87-df09804c9362", "dst_id": "47f554cd-3418-49ee-b1ca-c91cf909e3f3"}}, "update_time": {"$date": 1599936031790}, "partition_snode_id": "5f5d15fc61d027429c9a666b", "path_id": "/Automation1/Raghu/DashboardTests", "snap_map": {"47f554cd-3418-49ee-b1ca-c91cf909e3f3": {"instance_id": "47f554cd-3418-49ee-b1ca-c91cf909e3f3", "class_id": "com-snaplogic-snaps-binary-simpleread", "class_build_tag": "snapsmrc344", "class_fqid": "com-snaplogic-snaps-binary-simpleread_1-snapsmrc344", "instance_version": 1, "property_map": {"info": {"notes": {"value": null}, "label": {"value": "File Reader"}}, "view_serial": 101, "account": {"account_ref": {"value": {}}}, "settings": {"filePath": {"expression": false, "value": "test.csv"}}, "output": {"output0": {"view_type": {"value": "binary"}, "label": {"value": "output0"}}}, "error": {"error0": {"view_type": {"value": "document"}, "label": {"value": "error0"}}, "error_behavior": {"value": "fail"}}, "input": {"input101": {"label": {"value": "input0"}, "view_type": {"value": "document"}}}}, "class_version": 1, "instance_fqid": "47f554cd-3418-49ee-b1ca-c91cf909e3f3_1"}, "cfe3b5f9-0989-4a4c-9b87-df09804c9362": {"instance_id": "cfe3b5f9-0989-4a4c-9b87-df09804c9362", "class_id": "com-snaplogic-snaps-script-script", "class_build_tag": "snapsmrc344", "class_fqid": "com-snaplogic-snaps-script-script_2-snapsmrc344", "instance_version": 1, "property_map": {"info": {"notes": {"value": null}, "label": {"value": "Script"}}, "view_serial": 100, "settings": {"language": {"value": "Python"}, "editable_content": {"value": "from com.snaplogic.scripting.language import ScriptHook\nfrom com.snaplogic.scripting.language.ScriptHook import *\n\nimport time\n\nclass DelayScript(ScriptHook):\n    def __init__(self, input, output, error, log):\n        self.input = input\n        self.output = output\n        self.error = error\n        self.log = log\n\n    def execute(self):\n        print(\"DateTime \" + time.strftime(\"%c\"))\n        time.sleep(300) # delays for 5 min\n\n        self.log.info(\"Finished executing the Transform script\")\n\n\nhook = DelayScript(input, output, error, log)"}, "execution_mode": {"value": "Execute only"}, "executable_during_suggest": {"value": false}, "script": {"expression": false, "value": null}}, "output": {"output0": {"label": {"value": "output0"}, "view_type": {"value": "document"}}}, "error": {"error0": {"label": {"value": "error0"}, "view_type": {"value": "document"}}, "error_behavior": {"value": "fail"}}}, "class_version": 2, "instance_fqid": "cfe3b5f9-0989-4a4c-9b87-df09804c9362_1"}, "8debda33-5ca7-40ce-97e5-e1425ca92bb2": {"instance_id": "8debda33-5ca7-40ce-97e5-e1425ca92bb2", "class_id": "com-snaplogic-snaps-binary-write", "class_build_tag": "snapsmrc344", "class_fqid": "com-snaplogic-snaps-binary-write_3-snapsmrc344", "instance_version": 1, "property_map": {"info": {"notes": {"value": null}, "label": {"value": "File Writer"}}, "view_serial": 100, "account": {"account_ref": {"value": {}}}, "settings": {"execution_mode": {"value": "Execute only"}, "writeHeader": {"value": false}, "executable_during_suggest": {"value": false}, "filename": {"expression": false, "value": "testwrite.csv"}, "writeEmptyFile": {"value": false}, "UserPermissionsKey": {"value": []}, "fileAction": {"value": "OVERWRITE"}}, "error": {"error0": {"label": {"value": "error0"}, "view_type": {"value": "document"}}, "error_behavior": {"value": "fail"}}, "input": {"input0": {"label": {"value": "input0"}, "view_type": {"value": "binary"}}}}, "class_version": 3, "instance_fqid": "8debda33-5ca7-40ce-97e5-e1425ca92bb2_1"}}, "path": "/Automation1/Raghu/DashboardTests/TriggeredTaskpipeline_Delay", "scrub_backup": [], "name": "TriggeredTaskpipeline_Delay", "class_id": "com-snaplogic-pipeline", "render_map": {"pan_x_num": 0, "default_snaplex": "53d959aaf17d8325780afe94", "scale_ratio": 1, "detail_map": {"47f554cd-3418-49ee-b1ca-c91cf909e3f3": {"grid_x_int": 3, "error": {}, "grid_y_int": 1, "rot_tail_int": 0, "input": {}, "output": {}, "rot_int": 0}, "cfe3b5f9-0989-4a4c-9b87-df09804c9362": {"grid_x_int": 2, "error": {}, "grid_y_int": 1, "rot_tail_int": 270, "input": {}, "output": {}, "rot_int": 0}, "8debda33-5ca7-40ce-97e5-e1425ca92bb2": {"grid_x_int": 4, "error": {}, "grid_y_int": 1, "rot_tail_int": 0, "input": {}, "output": {}, "rot_int": 0}}, "pan_y_num": 0}, "org_id": "5be4a4cded5edc0017b9aa70", "instance_id": "1efa470e-92e3-4885-bec3-8e85f39776fa", "create_time": {"$date": 1599936031733}}, {"link_serial": 102, "scrub_version": "dd6f434acae80e6b7382efe3ee4050f30b91d7fb7a65709412322daf86e55107", "update_user_id": "rkappagantu@snaplogic.com", "class_fqid": "com-snaplogic-pipeline_9", "target_runtime": "standard", "class_version": 9, "snode_id": "5f5d161fa9eab404cbb9aab8", "org_snode_id": "5be4a4cded5edc0017b9aa70", "migrate_version": "develop-8246", "create_user_id": "rkappagantu@snaplogic.com", "project_snode_id": "5f5d1615eb9d0043aecabed1", "property_map": {"info": {"notes": {"value": null}, "label": {"value": "TriggeredTaskpipeline_NoDelay"}, "purpose": {"value": null}, "pipeline_doc_uri": {"value": null}, "author": {"value": "automation@snaplogic.com"}}, "output": {}, "error": {"error_behavior": {"value": "none"}}, "input": {}, "settings": {"param_table": {"value": []}}}, "instance_version": 2, "instance_fqid": "23919d52-aee3-45b5-910a-d5ffc7c2952d_2", "link_map": {"link100": {"src_view_id": "output0", "dst_view_id": "input0", "src_id": "64be81d1-6917-432b-a74a-7794aace73e0", "dst_id": "1b4ba2f6-33b4-424e-b600-d29647aa89c1"}}, "update_time": {"$date": 1599936031213}, "partition_snode_id": "5f5d15fc61d027429c9a666b", "path_id": "/Automation1/Raghu/DashboardTests", "snap_map": {"64be81d1-6917-432b-a74a-7794aace73e0": {"instance_version": 1, "class_id": "com-snaplogic-snaps-binary-simpleread", "class_build_tag": "snapsmrc344", "class_fqid": "com-snaplogic-snaps-binary-simpleread_1-snapsmrc344", "instance_id": "64be81d1-6917-432b-a74a-7794aace73e0", "property_map": {"info": {"notes": {"value": null}, "label": {"value": "File Reader"}}, "view_serial": 101, "account": {"account_ref": {"value": {}}}, "settings": {"filePath": {"expression": false, "value": "test.csv"}}, "output": {"output0": {"view_type": {"value": "binary"}, "label": {"value": "output0"}}}, "error": {"error0": {"view_type": {"value": "document"}, "label": {"value": "error0"}}, "error_behavior": {"value": "fail"}}, "input": {}}, "class_version": 1, "instance_fqid": "64be81d1-6917-432b-a74a-7794aace73e0_1"}, "1b4ba2f6-33b4-424e-b600-d29647aa89c1": {"instance_version": 1, "class_id": "com-snaplogic-snaps-binary-write", "class_build_tag": "snapsmrc344", "class_fqid": "com-snaplogic-snaps-binary-write_3-snapsmrc344", "instance_id": "1b4ba2f6-33b4-424e-b600-d29647aa89c1", "property_map": {"info": {"notes": {"value": null}, "label": {"value": "File Writer"}}, "view_serial": 100, "account": {"account_ref": {"value": {}}}, "settings": {"execution_mode": {"value": "Execute only"}, "writeHeader": {"value": false}, "executable_during_suggest": {"value": false}, "filename": {"expression": false, "value": "testwrite.csv"}, "writeEmptyFile": {"value": false}, "UserPermissionsKey": {"value": []}, "fileAction": {"value": "OVERWRITE"}}, "error": {"error0": {"view_type": {"value": "document"}, "label": {"value": "error0"}}, "error_behavior": {"value": "fail"}}, "input": {"input0": {"view_type": {"value": "binary"}, "label": {"value": "input0"}}}}, "class_version": 3, "instance_fqid": "1b4ba2f6-33b4-424e-b600-d29647aa89c1_1"}}, "path": "/Automation1/Raghu/DashboardTests/TriggeredTaskpipeline_NoDelay", "scrub_backup": [], "name": "TriggeredTaskpipeline_NoDelay", "class_id": "com-snaplogic-pipeline", "render_map": {"pan_x_num": 0, "default_snaplex": "53d959aaf17d8325780afe94", "scale_ratio": 1, "detail_map": {"64be81d1-6917-432b-a74a-7794aace73e0": {"grid_x_int": 3, "error": {}, "grid_y_int": 1, "rot_tail_int": 0, "input": {}, "output": {}, "rot_int": 0}, "1b4ba2f6-33b4-424e-b600-d29647aa89c1": {"grid_x_int": 4, "error": {}, "grid_y_int": 1, "rot_tail_int": 0, "input": {}, "output": {}, "rot_int": 0}}, "pan_y_num": 0}, "org_id": "5be4a4cded5edc0017b9aa70", "instance_id": "23919d52-aee3-45b5-910a-d5ffc7c2952d", "create_time": {"$date": 1599936031148}}, {"link_serial": 100, "scrub_version": "dd6f434acae80e6b7382efe3ee4050f30b91d7fb7a65709412322daf86e55107", "update_user_id": "rkappagantu@snaplogic.com", "class_fqid": "com-snaplogic-pipeline_9", "target_runtime": "standard", "class_version": 9, "snode_id": "5f5d161dd4d65c2b18dbf4c1", "org_snode_id": "5be4a4cded5edc0017b9aa70", "migrate_version": "develop-8246", "create_user_id": "rkappagantu@snaplogic.com", "project_snode_id": "5f5d1615eb9d0043aecabed1", "property_map": {"info": {"notes": {"value": null}, "label": {"value": "pipelinefortest"}, "purpose": {"value": null}, "pipeline_doc_uri": {"value": null}, "author": {"value": "automation@snaplogic.com"}}, "output": {"c691b311-4d4f-406a-a20a-1897252cba67_output0": {"view_type": {"value": "document"}, "label": {"value": "Script - output0"}}}, "error": {"error_behavior": {"value": "none"}}, "input": {"c691b311-4d4f-406a-a20a-1897252cba67_input0": {"view_type": {"value": "document"}, "label": {"value": "Script - input0"}}}, "settings": {"param_table": {"value": []}}}, "instance_version": 2, "instance_fqid": "3753e9c2-ae1e-4466-bb08-3d276d8330de_2", "link_map": {}, "update_time": {"$date": 1599936029958}, "partition_snode_id": "5f5d15fc61d027429c9a666b", "path_id": "/Automation1/Raghu/DashboardTests", "snap_map": {"c691b311-4d4f-406a-a20a-1897252cba67": {"instance_id": "c691b311-4d4f-406a-a20a-1897252cba67", "class_id": "com-snaplogic-snaps-script-script", "class_build_tag": "snapsrc594", "class_fqid": "com-snaplogic-snaps-script-script_2-snapsrc594", "instance_version": 1, "property_map": {"info": {"notes": {"value": null}, "label": {"value": "Script"}}, "view_serial": 100, "input": {"input0": {"view_type": {"value": "document"}, "label": {"value": "input0"}}}, "settings": {"executable_during_suggest": {"value": true}, "editable_content": {"value": "// Ensure compatibility with both JDK 7 and 8 JSR-223 Script Engines\ntry { load(\"nashorn:mozilla_compat.js\"); } catch(e) { }\n\n// Import the interface required by the Script snap.\nimportPackage(com.snaplogic.scripting.language);\n\n// Import the Java utility classes.\nimportPackage(java.util);\n\n/**\n * Create an object that implements the methods defined by the \"ScriptHook\"\n * interface.  We'll be passing this object to the constructor for the\n * ScriptHook interface.\n */\nvar impl = {\n    /*\n     * These variables (input, output, error, log) are defined by the\n     * ExecuteScript snap when evaluating this script.\n     */\n    input : input,\n    output : output,\n    error : error,\n    log : log,\n\n    /**\n     * The \"execute()\" method is called once when the pipeline is started\n     * and allowed to process its inputs or just send data to its outputs.\n     *\n     * Exceptions are automatically caught and sent to the error view.\n     */\n    execute : function () {\n       this.log.info(\"Executing Transform Script\");\n        while (this.input.hasNext()) {\n            try{\n                // Read the next document, wrap it in a map and write out the wrapper\n                var doc = this.input.next();\n                var wrapper = new java.util.HashMap();\n                wrapper.put(\"original\", doc);\n                this.output.write(doc, wrapper);\n                this.log.info(\"Transform Script finished\");\n               \n            }\n            catch(err) {\n                var wrapper = new java.util.HashMap();\n                wrapper.put(\"errorMsg\", err);\n                this.log.error(err);\n                this.error.write(wrapper);\n            }\n        }\n    }\n};\n\n/**\n * The Script Snap will look for a ScriptHook object in the \"hook\"\n * variable.  The snap will then call the hook's \"execute\" method.\n */\nvar hook = new com.snaplogic.scripting.language.ScriptHook(impl);"}, "execution_mode": {"value": "Validate & Execute"}, "language": {"value": "Python"}, "script": {"expression": false, "value": "PipelineExeStatsPython.txt"}}, "error": {"error0": {"view_type": {"value": "document"}, "label": {"value": "error0"}}, "error_behavior": {"value": "fail"}}, "output": {"output0": {"view_type": {"value": "document"}, "label": {"value": "output0"}}}}, "class_version": 2, "instance_fqid": "c691b311-4d4f-406a-a20a-1897252cba67_1"}}, "path": "/Automation1/Raghu/DashboardTests/pipelinefortest", "scrub_backup": [], "name": "pipelinefortest", "class_id": "com-snaplogic-pipeline", "render_map": {"pan_x_num": 0, "default_snaplex": "53d959aaf17d8325780afe94", "scale_ratio": 1, "detail_map": {"c691b311-4d4f-406a-a20a-1897252cba67": {"grid_x_int": 1, "error": {}, "grid_y_int": 1, "rot_tail_int": 0, "input": {}, "output": {}, "rot_int": 0}}, "pan_y_num": 0}, "org_id": "5be4a4cded5edc0017b9aa70", "instance_id": "3753e9c2-ae1e-4466-bb08-3d276d8330de", "create_time": {"$date": 1599936029891}}, {"link_serial": 101, "scrub_version": "dd6f434acae80e6b7382efe3ee4050f30b91d7fb7a65709412322daf86e55107", "update_user_id": "rkappagantu@snaplogic.com", "class_fqid": "com-snaplogic-pipeline_9", "target_runtime": "standard", "class_version": 9, "snode_id": "5f5d161e56ebe41848a18d33", "org_snode_id": "5be4a4cded5edc0017b9aa70", "migrate_version": "develop-8246", "create_user_id": "rkappagantu@snaplogic.com", "project_snode_id": "5f5d1615eb9d0043aecabed1", "property_map": {"info": {"notes": {"value": null}, "label": {"value": "Failed_Pipeline"}, "purpose": {"value": null}, "pipeline_doc_uri": {"value": null}, "author": {"value": "automation@snaplogic.com"}}, "output": {}, "error": {"error_behavior": {"value": "none"}}, "input": {}, "settings": {"param_table": {"value": []}}}, "instance_version": 2, "instance_fqid": "3f2968f1-ea33-4c45-89bd-9a64a1254170_2", "link_map": {"link100": {"src_view_id": "output0", "dst_view_id": "input0", "src_id": "2271aa7b-969c-471c-ade5-16b66d95f39a", "dst_id": "e8a29c83-6e69-4440-b78e-15e76d2cc927"}}, "update_time": {"$date": 1599936030374}, "partition_snode_id": "5f5d15fc61d027429c9a666b", "path_id": "/Automation1/Raghu/DashboardTests", "snap_map": {"e8a29c83-6e69-4440-b78e-15e76d2cc927": {"instance_id": "e8a29c83-6e69-4440-b78e-15e76d2cc927", "class_id": "com-snaplogic-snaps-binary-write", "class_build_tag": "snapsmrc352", "class_fqid": "com-snaplogic-snaps-binary-write_3-snapsmrc352", "instance_version": 1, "property_map": {"info": {"label": {"value": "File Writer"}}, "view_serial": 100, "account": {}, "settings": {"execution_mode": {"value": "Execute only"}, "executable_during_suggest": {"value": false}, "fileAction": {"value": "OVERWRITE"}}, "error": {"error0": {"view_type": {"value": "document"}, "label": {"value": "error0"}}, "error_behavior": {"value": "fail"}}, "input": {"input0": {"view_type": {"value": "binary"}, "label": {"value": "input0"}}}}, "class_version": 3, "instance_fqid": "e8a29c83-6e69-4440-b78e-15e76d2cc927_1"}, "2271aa7b-969c-471c-ade5-16b66d95f39a": {"instance_id": "2271aa7b-969c-471c-ade5-16b66d95f39a", "class_id": "com-snaplogic-snaps-binary-simpleread", "class_build_tag": "snapsmrc352", "class_fqid": "com-snaplogic-snaps-binary-simpleread_1-snapsmrc352", "instance_version": 1, "property_map": {"info": {"label": {"value": "File Reader"}}, "view_serial": 100, "account": {}, "settings": {}, "error": {"error0": {"view_type": {"value": "document"}, "label": {"value": "error0"}}, "error_behavior": {"value": "fail"}}, "output": {"output0": {"view_type": {"value": "binary"}, "label": {"value": "output0"}}}}, "class_version": 1, "instance_fqid": "2271aa7b-969c-471c-ade5-16b66d95f39a_1"}}, "path": "/Automation1/Raghu/DashboardTests/Failed_Pipeline", "scrub_backup": [], "name": "Failed_Pipeline", "class_id": "com-snaplogic-pipeline", "render_map": {"pan_x_num": 0, "default_snaplex": "53d959aaf17d8325780afe94", "scale_ratio": 1, "detail_map": {"e8a29c83-6e69-4440-b78e-15e76d2cc927": {"grid_x_int": 3, "error": {}, "grid_y_int": 2, "rot_tail_int": 0, "input": {}, "output": {}, "rot_int": 0}, "2271aa7b-969c-471c-ade5-16b66d95f39a": {"grid_x_int": 2, "error": {}, "grid_y_int": 2, "rot_tail_int": 0, "input": {}, "output": {}, "rot_int": 0}}, "pan_y_num": 0}, "org_id": "5be4a4cded5edc0017b9aa70", "instance_id": "3f2968f1-ea33-4c45-89bd-9a64a1254170", "create_time": {"$date": 1599936030312}}, {"link_serial": 102, "scrub_version": "dd6f434acae80e6b7382efe3ee4050f30b91d7fb7a65709412322daf86e55107", "update_user_id": "rkappagantu@snaplogic.com", "class_fqid": "com-snaplogic-pipeline_9", "target_runtime": "standard", "class_version": 9, "snode_id": "5f5d161e6fc6a4133bc072d2", "org_snode_id": "5be4a4cded5edc0017b9aa70", "migrate_version": "develop-8246", "create_user_id": "rkappagantu@snaplogic.com", "project_snode_id": "5f5d1615eb9d0043aecabed1", "property_map": {"info": {"notes": {"value": null}, "label": {"value": "Dashboard_Ultra_Pipeline_Delay"}, "purpose": {"value": null}, "pipeline_doc_uri": {"value": null}, "author": {"value": "automation@snaplogic.com"}}, "output": {}, "error": {"error_behavior": {"value": "none"}}, "input": {}, "settings": {"param_table": {"value": []}}}, "instance_version": 2, "instance_fqid": "5a0d1e43-80fd-45c5-bdc0-59bcc87c39de_2", "link_map": {"link100": {"src_view_id": "output0", "dst_view_id": "input0", "src_id": "4587733a-dde7-4f02-ac40-221c26bfa2f8", "dst_id": "fe073fd6-580c-439b-b46e-437b37c733de"}, "link101": {"src_view_id": "output0", "dst_view_id": "input101", "src_id": "f5dc3029-88e9-483e-adf5-4f37d1bbd734", "dst_id": "4587733a-dde7-4f02-ac40-221c26bfa2f8"}}, "update_time": {"$date": 1599936030085}, "partition_snode_id": "5f5d15fc61d027429c9a666b", "path_id": "/Automation1/Raghu/DashboardTests", "snap_map": {"fe073fd6-580c-439b-b46e-437b37c733de": {"instance_id": "fe073fd6-580c-439b-b46e-437b37c733de", "class_id": "com-snaplogic-snaps-binary-write", "class_build_tag": "snapsmrc344", "class_fqid": "com-snaplogic-snaps-binary-write_3-snapsmrc344", "instance_version": 1, "property_map": {"info": {"notes": {"value": null}, "label": {"value": "File Writer"}}, "view_serial": 100, "account": {"account_ref": {"value": {}}}, "settings": {"execution_mode": {"value": "Execute only"}, "writeHeader": {"value": false}, "executable_during_suggest": {"value": false}, "filename": {"expression": false, "value": "testwrite.csv"}, "writeEmptyFile": {"value": false}, "UserPermissionsKey": {"value": []}, "fileAction": {"value": "OVERWRITE"}}, "error": {"error0": {"label": {"value": "error0"}, "view_type": {"value": "document"}}, "error_behavior": {"value": "fail"}}, "input": {"input0": {"label": {"value": "input0"}, "view_type": {"value": "binary"}}}}, "class_version": 3, "instance_fqid": "fe073fd6-580c-439b-b46e-437b37c733de_1"}, "f5dc3029-88e9-483e-adf5-4f37d1bbd734": {"instance_id": "f5dc3029-88e9-483e-adf5-4f37d1bbd734", "class_id": "com-snaplogic-snaps-script-script", "class_build_tag": "snapsmrc344", "class_fqid": "com-snaplogic-snaps-script-script_2-snapsmrc344", "instance_version": 1, "property_map": {"info": {"notes": {"value": null}, "label": {"value": "Script"}}, "view_serial": 100, "error": {"error0": {"view_type": {"value": "document"}, "label": {"value": "error0"}}, "error_behavior": {"value": "fail"}}, "output": {"output0": {"view_type": {"value": "document"}, "label": {"value": "output0"}}}, "settings": {"executable_during_suggest": {"value": false}, "editable_content": {"value": "from com.snaplogic.scripting.language import ScriptHook\nfrom com.snaplogic.scripting.language.ScriptHook import *\n\nimport time\n\nclass DelayScript(ScriptHook):\n    def __init__(self, input, output, error, log):\n        self.input = input\n        self.output = output\n        self.error = error\n        self.log = log\n\n    def execute(self):\n        print(\"DateTime \" + time.strftime(\"%c\"))\n        time.sleep(300) # delays for 5 min\n\n        self.log.info(\"Finished executing the Transform script\")\n\n\nhook = DelayScript(input, output, error, log)"}, "execution_mode": {"value": "Execute only"}, "language": {"value": "Python"}, "script": {"expression": false, "value": null}}}, "class_version": 2, "instance_fqid": "f5dc3029-88e9-483e-adf5-4f37d1bbd734_1"}, "4587733a-dde7-4f02-ac40-221c26bfa2f8": {"instance_id": "4587733a-dde7-4f02-ac40-221c26bfa2f8", "class_id": "com-snaplogic-snaps-binary-simpleread", "class_build_tag": "snapsmrc344", "class_fqid": "com-snaplogic-snaps-binary-simpleread_1-snapsmrc344", "instance_version": 1, "property_map": {"info": {"notes": {"value": null}, "label": {"value": "File Reader"}}, "view_serial": 101, "account": {"account_ref": {"value": {}}}, "settings": {"filePath": {"expression": false, "value": "test.csv"}}, "output": {"output0": {"view_type": {"value": "binary"}, "label": {"value": "output0"}}}, "error": {"error0": {"view_type": {"value": "document"}, "label": {"value": "error0"}}, "error_behavior": {"value": "fail"}}, "input": {"input101": {"label": {"value": "input0"}, "view_type": {"value": "document"}}}}, "class_version": 1, "instance_fqid": "4587733a-dde7-4f02-ac40-221c26bfa2f8_1"}}, "path": "/Automation1/Raghu/DashboardTests/Dashboard_Ultra_Pipeline_Delay", "scrub_backup": [], "name": "Dashboard_Ultra_Pipeline_Delay", "class_id": "com-snaplogic-pipeline", "render_map": {"pan_x_num": 0, "default_snaplex": "53d959aaf17d8325780afe94", "scale_ratio": 1, "detail_map": {"fe073fd6-580c-439b-b46e-437b37c733de": {"grid_x_int": 4, "error": {}, "grid_y_int": 1, "rot_tail_int": 0, "input": {}, "output": {}, "rot_int": 0}, "f5dc3029-88e9-483e-adf5-4f37d1bbd734": {"grid_x_int": 2, "error": {}, "grid_y_int": 1, "rot_tail_int": 270, "input": {}, "output": {}, "rot_int": 0}, "4587733a-dde7-4f02-ac40-221c26bfa2f8": {"grid_x_int": 3, "error": {}, "grid_y_int": 1, "rot_tail_int": 0, "input": {}, "output": {}, "rot_int": 0}}, "pan_y_num": 0}, "org_id": "5be4a4cded5edc0017b9aa70", "instance_id": "5a0d1e43-80fd-45c5-bdc0-59bcc87c39de", "create_time": {"$date": 1599936030016}}, {"link_serial": 101, "scrub_version": "dd6f434acae80e6b7382efe3ee4050f30b91d7fb7a65709412322daf86e55107", "update_user_id": "rkappagantu@snaplogic.com", "class_fqid": "com-snaplogic-pipeline_9", "target_runtime": "standard", "class_version": 9, "snode_id": "5f5d161deb9d0043aecabed3", "org_snode_id": "5be4a4cded5edc0017b9aa70", "migrate_version": "develop-8246", "create_user_id": "rkappagantu@snaplogic.com", "project_snode_id": "5f5d1615eb9d0043aecabed1", "property_map": {"info": {"notes": {"value": null}, "label": {"value": "ForEachChildDelay"}, "purpose": {"value": null}, "pipeline_doc_uri": {"value": null}, "author": {"value": "sbuddi@snaplogic.com"}}, "input": {"2bbccc49-260e-4b77-bf6f-0e1e22476376_input101": {"view_type": {"value": "document"}, "label": {"value": "Script - input0"}}}, "error": {"error_behavior": {"value": "none"}}, "output": {"2bbccc49-260e-4b77-bf6f-0e1e22476376_output0": {"label": {"value": "Script - output0"}, "view_type": {"value": "document"}}}, "settings": {"param_table": {"value": []}, "imports": {"value": []}}}, "instance_version": 2, "instance_fqid": "7572322e-838f-424f-a7bd-8a556799a877_2", "link_map": {}, "update_time": {"$date": 1599936029619}, "partition_snode_id": "5f5d15fc61d027429c9a666b", "path_id": "/Automation1/Raghu/DashboardTests", "snap_map": {"2bbccc49-260e-4b77-bf6f-0e1e22476376": {"instance_id": "2bbccc49-260e-4b77-bf6f-0e1e22476376", "class_id": "com-snaplogic-snaps-script-script", "class_build_tag": "snapsmrc344", "class_fqid": "com-snaplogic-snaps-script-script_2-snapsmrc344", "instance_version": 1, "property_map": {"info": {"notes": {"value": null}, "label": {"value": "Script"}}, "view_serial": 101, "input": {"input101": {"label": {"value": "input0"}, "view_type": {"value": "document"}}}, "settings": {"executable_during_suggest": {"value": false}, "editable_content": {"value": "from com.snaplogic.scripting.language import ScriptHook\nfrom com.snaplogic.scripting.language.ScriptHook import *\n\nimport time\n\nclass DelayScript(ScriptHook):\n    def __init__(self, input, output, error, log):\n        self.input = input\n        self.output = output\n        self.error = error\n        self.log = log\n\n    def execute(self):\n        print(\"DateTime \" + time.strftime(\"%c\"))\n        time.sleep(300) # delays for 5 min\n\n        self.log.info(\"Finished executing the Transform script\")\n\n\nhook = DelayScript(input, output, error, log)"}, "execution_mode": {"value": "Execute only"}, "language": {"value": "Python"}, "script": {"expression": false, "value": "PipelineExeStatsPython.txt"}}, "error": {"error0": {"view_type": {"value": "document"}, "label": {"value": "error0"}}, "error_behavior": {"value": "fail"}}, "output": {"output0": {"view_type": {"value": "document"}, "label": {"value": "output0"}}}}, "class_version": 2, "instance_fqid": "2bbccc49-260e-4b77-bf6f-0e1e22476376_1"}}, "path": "/Automation1/Raghu/DashboardTests/ForEachChildDelay", "scrub_backup": [], "name": "ForEachChildDelay", "class_id": "com-snaplogic-pipeline", "render_map": {"pan_x_num": 0, "default_snaplex": "53d959aaf17d8325780afe94", "scale_ratio": 1, "detail_map": {"2bbccc49-260e-4b77-bf6f-0e1e22476376": {"grid_x_int": 3, "error": {}, "grid_y_int": 1, "rot_tail_int": 0, "input": {}, "output": {}, "rot_int": 0}}, "pan_y_num": 0}, "org_id": "5be4a4cded5edc0017b9aa70", "instance_id": "7572322e-838f-424f-a7bd-8a556799a877", "create_time": {"$date": 1599936029567}}, {"link_serial": 101, "scrub_version": "dd6f434acae80e6b7382efe3ee4050f30b91d7fb7a65709412322daf86e55107", "update_user_id": "rkappagantu@snaplogic.com", "class_fqid": "com-snaplogic-pipeline_9", "target_runtime": "standard", "class_version": 9, "snode_id": "5f5d161e6b99f44d7399ae9c", "org_snode_id": "5be4a4cded5edc0017b9aa70", "migrate_version": "develop-8246", "create_user_id": "rkappagantu@snaplogic.com", "project_snode_id": "5f5d1615eb9d0043aecabed1", "property_map": {"info": {"notes": {"value": null}, "label": {"value": "ForEachChild"}, "purpose": {"value": null}, "pipeline_doc_uri": {"value": null}, "author": {"value": "jenkins@snaplogic.com"}}, "output": {}, "error": {"error_behavior": {"value": "none"}}, "input": {}, "settings": {"param_table": {"value": []}}}, "instance_version": 2, "instance_fqid": "7ce4e7b8-0959-43ce-a5b8-771a1dd1bb5f_2", "link_map": {"link100": {"src_view_id": "output0", "dst_view_id": "input0", "src_id": "76ec033d-195b-4a57-b49f-c1d5c1d412a4", "dst_id": "01775960-8a17-47e4-b3d5-f3e1737db943"}}, "update_time": {"$date": 1599936030219}, "partition_snode_id": "5f5d15fc61d027429c9a666b", "path_id": "/Automation1/Raghu/DashboardTests", "snap_map": {"76ec033d-195b-4a57-b49f-c1d5c1d412a4": {"instance_id": "76ec033d-195b-4a57-b49f-c1d5c1d412a4", "class_id": "com-snaplogic-snaps-binary-simpleread", "class_build_tag": "snapsmrc344", "class_fqid": "com-snaplogic-snaps-binary-simpleread_1-snapsmrc344", "instance_version": 1, "property_map": {"info": {"notes": {"value": null}, "label": {"value": "File Reader"}}, "view_serial": 100, "account": {"account_ref": {"value": {}}}, "settings": {"filePath": {"expression": false, "value": "test.csv"}}, "error": {"error0": {"view_type": {"value": "document"}, "label": {"value": "error0"}}, "error_behavior": {"value": "fail"}}, "output": {"output0": {"view_type": {"value": "binary"}, "label": {"value": "output0"}}}}, "class_version": 1, "instance_fqid": "76ec033d-195b-4a57-b49f-c1d5c1d412a4_1"}, "01775960-8a17-47e4-b3d5-f3e1737db943": {"instance_id": "01775960-8a17-47e4-b3d5-f3e1737db943", "class_id": "com-snaplogic-snaps-binary-write", "class_build_tag": "snapsmrc344", "class_fqid": "com-snaplogic-snaps-binary-write_3-snapsmrc344", "instance_version": 1, "property_map": {"info": {"notes": {"value": null}, "label": {"value": "File Writer"}}, "view_serial": 100, "account": {"account_ref": {"value": {}}}, "settings": {"execution_mode": {"value": "Execute only"}, "writeHeader": {"value": false}, "executable_during_suggest": {"value": false}, "filename": {"expression": false, "value": "testwrite.csv"}, "writeEmptyFile": {"value": false}, "UserPermissionsKey": {"value": []}, "fileAction": {"value": "OVERWRITE"}}, "error": {"error0": {"label": {"value": "error0"}, "view_type": {"value": "document"}}, "error_behavior": {"value": "fail"}}, "input": {"input0": {"label": {"value": "input0"}, "view_type": {"value": "binary"}}}}, "class_version": 3, "instance_fqid": "01775960-8a17-47e4-b3d5-f3e1737db943_1"}}, "path": "/Automation1/Raghu/DashboardTests/ForEachChild", "scrub_backup": [], "name": "ForEachChild", "class_id": "com-snaplogic-pipeline", "render_map": {"pan_x_num": 0, "default_snaplex": "53d959aaf17d8325780afe94", "scale_ratio": 1, "detail_map": {"76ec033d-195b-4a57-b49f-c1d5c1d412a4": {"grid_x_int": 2, "error": {}, "grid_y_int": 1, "rot_tail_int": 0, "input": {}, "output": {}, "rot_int": 0}, "01775960-8a17-47e4-b3d5-f3e1737db943": {"grid_x_int": 3, "error": {}, "grid_y_int": 1, "rot_tail_int": 0, "input": {}, "output": {}, "rot_int": 0}}, "pan_y_num": 0}, "org_id": "5be4a4cded5edc0017b9aa70", "instance_id": "7ce4e7b8-0959-43ce-a5b8-771a1dd1bb5f", "create_time": {"$date": 1599936030148}}, {"link_serial": 100, "scrub_version": "dd6f434acae80e6b7382efe3ee4050f30b91d7fb7a65709412322daf86e55107", "update_user_id": "rkappagantu@snaplogic.com", "class_fqid": "com-snaplogic-pipeline_9", "target_runtime": "standard", "class_version": 9, "snode_id": "5f5d161eed1c4be5e091c42e", "org_snode_id": "5be4a4cded5edc0017b9aa70", "migrate_version": "develop-8246", "create_user_id": "rkappagantu@snaplogic.com", "project_snode_id": "5f5d1615eb9d0043aecabed1", "property_map": {"info": {"notes": {"value": null}, "author": {"value": "automation@snaplogic.com"}, "purpose": {"value": null}, "pipeline_doc_uri": {"value": null}, "label": {"value": "Copy of NestedChild"}}, "output": {}, "settings": {"param_table": {"value": []}}, "input": {"18918336-75db-47cd-aaee-420d3f2c8f9e_input0": {"label": {"value": "File Writer - input0"}, "view_type": {"value": "binary"}}}, "error": {"error_behavior": {"value": "none"}}}, "instance_version": 2, "instance_fqid": "874ee0b0-5224-4ac9-80b2-7e0ad075a921_2", "link_map": {}, "update_time": {"$date": 1599936030498}, "partition_snode_id": "5f5d15fc61d027429c9a666b", "path_id": "/Automation1/Raghu/DashboardTests", "snap_map": {"18918336-75db-47cd-aaee-420d3f2c8f9e": {"instance_version": 1, "class_id": "com-snaplogic-snaps-binary-write", "class_build_tag": "snapsmrc344", "class_fqid": "com-snaplogic-snaps-binary-write_3-snapsmrc344", "instance_id": "18918336-75db-47cd-aaee-420d3f2c8f9e", "property_map": {"info": {"notes": {"value": null}, "label": {"value": "File Writer"}}, "view_serial": 100, "account": {"account_ref": {"value": {}}}, "settings": {"execution_mode": {"value": "Execute only"}, "writeHeader": {"value": false}, "executable_during_suggest": {"value": false}, "filename": {"expression": false, "value": "testwrite.csv"}, "writeEmptyFile": {"value": false}, "UserPermissionsKey": {"value": []}, "fileAction": {"value": "OVERWRITE"}}, "error": {"error0": {"label": {"value": "error0"}, "view_type": {"value": "document"}}, "error_behavior": {"value": "fail"}}, "input": {"input0": {"label": {"value": "input0"}, "view_type": {"value": "binary"}}}}, "class_version": 3, "instance_fqid": "18918336-75db-47cd-aaee-420d3f2c8f9e_1"}}, "path": "/Automation1/Raghu/DashboardTests/Copy of NestedChild", "scrub_backup": [], "name": "Copy of NestedChild", "class_id": "com-snaplogic-pipeline", "render_map": {"pan_x_num": 0, "default_snaplex": "53d959aaf17d8325780afe94", "scale_ratio": 1, "detail_map": {"18918336-75db-47cd-aaee-420d3f2c8f9e": {"grid_x_int": 4, "error": {}, "grid_y_int": 2, "rot_tail_int": 0, "input": {}, "output": {}, "rot_int": 0}}, "pan_y_num": 0}, "org_id": "5be4a4cded5edc0017b9aa70", "instance_id": "874ee0b0-5224-4ac9-80b2-7e0ad075a921", "create_time": {"$date": 1599936030447}}, {"link_serial": 106, "scrub_version": "dd6f434acae80e6b7382efe3ee4050f30b91d7fb7a65709412322daf86e55107", "update_user_id": "rkappagantu@snaplogic.com", "class_fqid": "com-snaplogic-pipeline_9", "target_runtime": "standard", "class_version": 9, "snode_id": "5f5d161f3435638acab009e6", "org_snode_id": "5be4a4cded5edc0017b9aa70", "migrate_version": "develop-8246", "create_user_id": "rkappagantu@snaplogic.com", "project_snode_id": "5f5d1615eb9d0043aecabed1", "property_map": {"info": {"notes": {"value": null}, "label": {"value": "NestedMaster_withWait"}, "purpose": {"value": null}, "pipeline_doc_uri": {"value": null}, "author": {"value": "jenkins@snaplogic.com"}}, "output": {}, "error": {"error_behavior": {"value": "none"}}, "input": {}, "settings": {"param_table": {"value": []}}}, "instance_version": 2, "instance_fqid": "92ca6096-23c7-4358-9b13-ac5937a52952_2", "link_map": {"link104": {"src_view_id": "output0", "dst_view_id": "input0", "src_id": "27375829-ff2a-4d94-a452-1fa2f65afe1b", "dst_id": "93771b82-1356-4f78-8de9-4edad14fbcdd"}, "link105": {"src_view_id": "output0", "dst_view_id": "41f79ff5-19c2-45ee-9680-ee72b7d4a19f_input0", "src_id": "93771b82-1356-4f78-8de9-4edad14fbcdd", "dst_id": "4c49a2cc-4ceb-4170-b961-efac4317d1ab"}}, "update_time": {"$date": 1599936031338}, "partition_snode_id": "5f5d15fc61d027429c9a666b", "path_id": "/Automation1/Raghu/DashboardTests", "snap_map": {"93771b82-1356-4f78-8de9-4edad14fbcdd": {"instance_id": "93771b82-1356-4f78-8de9-4edad14fbcdd", "class_id": "com-snaplogic-snaps-transform-csvformatter", "class_build_tag": "snapsmrc344", "class_fqid": "com-snaplogic-snaps-transform-csvformatter_3-snapsmrc344", "instance_version": 1, "property_map": {"info": {"label": {"value": "CSV Formatter"}}, "view_serial": 100, "input": {"input0": {"view_type": {"value": "document"}, "label": {"value": "input0"}}}, "settings": {"quoteMode": {"value": "ALL"}, "quoteCharacter": {"value": "\""}, "writeHeader": {"value": true}, "charset": {"value": "UTF-8"}, "ignoreEmptyStream": {"value": false}, "delimiter": {"value": ","}, "useDefinedHeader": {"value": false}}, "error": {"error0": {"view_type": {"value": "document"}, "label": {"value": "error0"}}, "error_behavior": {"value": "fail"}}, "output": {"output0": {"view_type": {"value": "binary"}, "label": {"value": "output0"}}}}, "class_version": 3, "instance_fqid": "93771b82-1356-4f78-8de9-4edad14fbcdd_1"}, "27375829-ff2a-4d94-a452-1fa2f65afe1b": {"instance_version": 1, "class_id": "com-snaplogic-snaps-script-script", "class_build_tag": "snapsmrc344", "class_fqid": "com-snaplogic-snaps-script-script_2-snapsmrc344", "instance_id": "27375829-ff2a-4d94-a452-1fa2f65afe1b", "property_map": {"info": {"notes": {"value": null}, "label": {"value": "Script"}}, "view_serial": 101, "settings": {"executable_during_suggest": {"value": false}, "editable_content": {"value": "from com.snaplogic.scripting.language import ScriptHook\nfrom com.snaplogic.scripting.language.ScriptHook import *\n\nimport time\n\nclass DelayScript(ScriptHook):\n    def __init__(self, input, output, error, log):\n        self.input = input\n        self.output = output\n        self.error = error\n        self.log = log\n\n    def execute(self):\n        print(\"DateTime \" + time.strftime(\"%c\"))\n        time.sleep(300) # delays for 5 min\n\n        self.log.info(\"Finished executing the Transform script\")\n\n\nhook = DelayScript(input, output, error, log)"}, "execution_mode": {"value": "Execute only"}, "language": {"value": "Python"}, "script": {"expression": false, "value": null}}, "output": {"output0": {"view_type": {"value": "document"}, "label": {"value": "output0"}}}, "error": {"error0": {"view_type": {"value": "document"}, "label": {"value": "error0"}}, "error_behavior": {"value": "fail"}}}, "class_version": 2, "instance_fqid": "27375829-ff2a-4d94-a452-1fa2f65afe1b_1"}, "4c49a2cc-4ceb-4170-b961-efac4317d1ab": {"instance_id": "4c49a2cc-4ceb-4170-b961-efac4317d1ab", "class_id": "com-snaplogic-subpipeline", "class_build_tag": "UNKNOWN", "class_fqid": "com-snaplogic-subpipeline_1", "class_version": 1, "property_map": {"info": {"author": {"value": "automation@snaplogic.com"}, "notes": {"value": null}, "label": {"value": "NestedChild"}, "pipe_ref": {"value": {"ref_id": {"value": "5f5d161d5a24feaf2855d6b2"}, "label": {"value": "NestedChild"}}}, "purpose": {"value": null}, "pipeline_doc_uri": {"value": null}}, "view_serial": 100, "input": {"41f79ff5-19c2-45ee-9680-ee72b7d4a19f_input0": {"view_type": {"value": "binary"}, "label": {"value": "File Writer - input0"}}}, "settings": {"param_table": {"value": []}}, "instance_version": 1, "error": {"error_behavior": {"value": "none"}}, "output": {}}, "instance_fqid": "4c49a2cc-4ceb-4170-b961-efac4317d1ab_1", "instance_version": 1}}, "path": "/Automation1/Raghu/DashboardTests/NestedMaster_withWait", "scrub_backup": [], "name": "NestedMaster_withWait", "class_id": "com-snaplogic-pipeline", "render_map": {"pan_x_num": 0, "default_snaplex": "53d959aaf17d8325780afe94", "scale_ratio": 1, "detail_map": {"93771b82-1356-4f78-8de9-4edad14fbcdd": {"grid_x_int": 3, "error": {}, "grid_y_int": 3, "rot_tail_int": 90, "input": {}, "output": {}, "rot_int": 0}, "27375829-ff2a-4d94-a452-1fa2f65afe1b": {"grid_x_int": 3, "error": {}, "grid_y_int": 2, "rot_tail_int": 0, "input": {}, "output": {}, "rot_int": 90}, "4c49a2cc-4ceb-4170-b961-efac4317d1ab": {"grid_x_int": 4, "error": {}, "grid_y_int": 3, "rot_tail_int": 0, "input": {}, "output": {}, "rot_int": 0}}, "pan_y_num": 0}, "org_id": "5be4a4cded5edc0017b9aa70", "instance_id": "92ca6096-23c7-4358-9b13-ac5937a52952", "create_time": {"$date": 1599936031280}}, {"link_serial": 105, "scrub_version": "dd6f434acae80e6b7382efe3ee4050f30b91d7fb7a65709412322daf86e55107", "update_user_id": "rkappagantu@snaplogic.com", "class_fqid": "com-snaplogic-pipeline_9", "target_runtime": "standard", "class_version": 9, "snode_id": "5f5d161deb9d0043aecabed5", "org_snode_id": "5be4a4cded5edc0017b9aa70", "migrate_version": "develop-8246", "create_user_id": "rkappagantu@snaplogic.com", "project_snode_id": "5f5d1615eb9d0043aecabed1", "property_map": {"info": {"notes": {"value": null}, "label": {"value": "ForEach_Delay"}, "purpose": {"value": null}, "pipeline_doc_uri": {"value": null}, "author": {"value": "autoregplatform+admin9@gmail.com"}}, "output": {"90358ff0-4c46-4735-931d-cabfdbaf2e37_output0": {"label": {"value": "Script - output0"}, "view_type": {"value": "document"}}}, "error": {"error_behavior": {"value": "none"}}, "input": {}, "settings": {"param_table": {"value": []}}}, "instance_version": 2, "instance_fqid": "96a0782f-bb3a-4766-92a7-5903e9be1884_2", "link_map": {"link104": {"src_view_id": "output0", "dst_view_id": "input101", "src_id": "1f24553a-7b9f-453c-8d49-297d39dba729", "dst_id": "90358ff0-4c46-4735-931d-cabfdbaf2e37"}, "link102": {"src_view_id": "output0", "dst_view_id": "input0", "src_id": "7cddd811-10a0-432a-8976-72f341e8e775", "dst_id": "1f24553a-7b9f-453c-8d49-297d39dba729"}}, "update_time": {"$date": 1599936029741}, "partition_snode_id": "5f5d15fc61d027429c9a666b", "path_id": "/Automation1/Raghu/DashboardTests", "snap_map": {"90358ff0-4c46-4735-931d-cabfdbaf2e37": {"instance_version": 1, "class_id": "com-snaplogic-snaps-script-script", "class_build_tag": "snapsmrc344", "class_fqid": "com-snaplogic-snaps-script-script_2-snapsmrc344", "instance_id": "90358ff0-4c46-4735-931d-cabfdbaf2e37", "property_map": {"info": {"notes": {"value": null}, "label": {"value": "Script"}}, "view_serial": 101, "input": {"input101": {"label": {"value": "input0"}, "view_type": {"value": "document"}}}, "settings": {"executable_during_suggest": {"value": false}, "editable_content": {"value": "from com.snaplogic.scripting.language import ScriptHook\nfrom com.snaplogic.scripting.language.ScriptHook import *\n\nimport time\n\nclass DelayScript(ScriptHook):\n    def __init__(self, input, output, error, log):\n        self.input = input\n        self.output = output\n        self.error = error\n        self.log = log\n\n    def execute(self):\n        print(\"DateTime \" + time.strftime(\"%c\"))\n        time.sleep(300) # delays for 5 min\n\n        self.log.info(\"Finished executing the Transform script\")\n\n\nhook = DelayScript(input, output, error, log)"}, "execution_mode": {"value": "Execute only"}, "language": {"value": "Python"}, "script": {"expression": false, "value": null}}, "error": {"error0": {"view_type": {"value": "document"}, "label": {"value": "error0"}}, "error_behavior": {"value": "fail"}}, "output": {"output0": {"view_type": {"value": "document"}, "label": {"value": "output0"}}}}, "class_version": 2, "instance_fqid": "90358ff0-4c46-4735-931d-cabfdbaf2e37_1"}, "1f24553a-7b9f-453c-8d49-297d39dba729": {"instance_version": 1, "class_id": "com-snaplogic-snaps-flow-foreach", "class_build_tag": "snapsmrc344", "class_fqid": "com-snaplogic-snaps-flow-foreach_1-snapsmrc344", "instance_id": "1f24553a-7b9f-453c-8d49-297d39dba729", "property_map": {"info": {"notes": {"value": null}, "label": {"value": "ForEach"}}, "view_serial": 100, "input": {"input0": {"label": {"value": "input0"}, "view_type": {"value": "document"}}}, "settings": {"execution_mode": {"value": "Execute only"}, "maxInstances": {"value": 50}, "exec_mode": {"value": "SYNCHRONOUS"}, "batch_size": {"value": 1}, "params": {"value": []}, "executable_during_suggest": {"value": false}, "plex_label": {"expression": false, "value": ""}, "pipeline_snode_id": {"value": "5f5d161deb9d0043aecabed3"}}, "error": {"error0": {"label": {"value": "error0"}, "view_type": {"value": "document"}}, "error_behavior": {"value": "fail"}}, "output": {"output0": {"label": {"value": "output0"}, "view_type": {"value": "document"}}}}, "class_version": 1, "instance_fqid": "1f24553a-7b9f-453c-8d49-297d39dba729_1"}, "7cddd811-10a0-432a-8976-72f341e8e775": {"instance_version": 1, "class_id": "com-snaplogic-snaps-transform-csvgenerator", "class_build_tag": "snapsmrc344", "class_fqid": "com-snaplogic-snaps-transform-csvgenerator_1-snapsmrc344", "instance_id": "7cddd811-10a0-432a-8976-72f341e8e775", "property_map": {"info": {"notes": {"value": null}, "label": {"value": "CSV Generator"}}, "view_serial": 101, "input": {}, "settings": {"editable_content": {"value": "parameter_master_csv\nparameter1_value1\nparameter1_value2\nparameter1_value3\nparameter1_value4\nparameter1_value5"}}, "error": {"error0": {"label": {"value": "error0"}, "view_type": {"value": "document"}}, "error_behavior": {"value": "fail"}}, "output": {"output0": {"label": {"value": "output0"}, "view_type": {"value": "document"}}}}, "class_version": 1, "instance_fqid": "7cddd811-10a0-432a-8976-72f341e8e775_1"}}, "path": "/Automation1/Raghu/DashboardTests/ForEach_Delay", "scrub_backup": [], "name": "ForEach_Delay", "class_id": "com-snaplogic-pipeline", "render_map": {"pan_x_num": 0, "default_snaplex": "53d959aaf17d8325780afe94", "scale_ratio": 1, "detail_map": {"90358ff0-4c46-4735-931d-cabfdbaf2e37": {"grid_x_int": 4, "error": {}, "grid_y_int": 1, "rot_tail_int": 0, "input": {}, "output": {}, "rot_int": 0}, "1f24553a-7b9f-453c-8d49-297d39dba729": {"grid_x_int": 3, "error": {}, "grid_y_int": 1, "rot_tail_int": 0, "input": {}, "output": {}, "rot_int": 0}, "7cddd811-10a0-432a-8976-72f341e8e775": {"grid_x_int": 2, "error": {}, "grid_y_int": 1, "rot_tail_int": 0, "input": {}, "output": {}, "rot_int": 0}}, "pan_y_num": 0}, "org_id": "5be4a4cded5edc0017b9aa70", "instance_id": "96a0782f-bb3a-4766-92a7-5903e9be1884", "create_time": {"$date": 1599936029681}}, {"link_serial": 102, "scrub_version": "dd6f434acae80e6b7382efe3ee4050f30b91d7fb7a65709412322daf86e55107", "update_user_id": "rkappagantu@snaplogic.com", "class_fqid": "com-snaplogic-pipeline_9", "target_runtime": "standard", "class_version": 9, "snode_id": "5f5d161e6b99f44d7399ae9e", "org_snode_id": "5be4a4cded5edc0017b9aa70", "migrate_version": "develop-8246", "create_user_id": "rkappagantu@snaplogic.com", "project_snode_id": "5f5d1615eb9d0043aecabed1", "property_map": {"info": {"notes": {"value": null}, "label": {"value": "Generalpipeline_Delay"}, "purpose": {"value": null}, "pipeline_doc_uri": {"value": null}, "author": {"value": "jenkins@snaplogic.com"}}, "output": {}, "error": {"error_behavior": {"value": "none"}}, "input": {}, "settings": {"param_table": {"value": []}}}, "instance_version": 2, "instance_fqid": "a5fac3eb-bcc5-4643-b623-e70a23a0f1d1_2", "link_map": {"link100": {"src_view_id": "output0", "dst_view_id": "input0", "src_id": "d8eca3be-5d0d-44f1-8446-e7bfe4c3aa35", "dst_id": "a39a02fb-3081-4222-9892-fcb174d6dff3"}, "link101": {"src_view_id": "output0", "dst_view_id": "input101", "src_id": "b0263592-fd75-4892-b0e1-6475997fe708", "dst_id": "d8eca3be-5d0d-44f1-8446-e7bfe4c3aa35"}}, "update_time": {"$date": 1599936030859}, "partition_snode_id": "5f5d15fc61d027429c9a666b", "path_id": "/Automation1/Raghu/DashboardTests", "snap_map": {"d8eca3be-5d0d-44f1-8446-e7bfe4c3aa35": {"instance_id": "d8eca3be-5d0d-44f1-8446-e7bfe4c3aa35", "class_id": "com-snaplogic-snaps-binary-simpleread", "class_build_tag": "snapsmrc344", "class_fqid": "com-snaplogic-snaps-binary-simpleread_1-snapsmrc344", "instance_version": 1, "property_map": {"info": {"notes": {"value": null}, "label": {"value": "File Reader"}}, "view_serial": 101, "account": {"account_ref": {"value": {}}}, "settings": {"filePath": {"expression": false, "value": "test.csv"}}, "output": {"output0": {"view_type": {"value": "binary"}, "label": {"value": "output0"}}}, "error": {"error0": {"view_type": {"value": "document"}, "label": {"value": "error0"}}, "error_behavior": {"value": "fail"}}, "input": {"input101": {"label": {"value": "input0"}, "view_type": {"value": "document"}}}}, "class_version": 1, "instance_fqid": "d8eca3be-5d0d-44f1-8446-e7bfe4c3aa35_1"}, "a39a02fb-3081-4222-9892-fcb174d6dff3": {"instance_id": "a39a02fb-3081-4222-9892-fcb174d6dff3", "class_id": "com-snaplogic-snaps-binary-write", "class_build_tag": "snapsmrc344", "class_fqid": "com-snaplogic-snaps-binary-write_3-snapsmrc344", "instance_version": 1, "property_map": {"info": {"notes": {"value": null}, "label": {"value": "File Writer"}}, "view_serial": 100, "account": {"account_ref": {"value": {}}}, "settings": {"execution_mode": {"value": "Execute only"}, "writeHeader": {"value": false}, "executable_during_suggest": {"value": false}, "filename": {"expression": false, "value": "testwrite.csv"}, "writeEmptyFile": {"value": false}, "UserPermissionsKey": {"value": []}, "fileAction": {"value": "OVERWRITE"}}, "error": {"error0": {"label": {"value": "error0"}, "view_type": {"value": "document"}}, "error_behavior": {"value": "fail"}}, "input": {"input0": {"label": {"value": "input0"}, "view_type": {"value": "binary"}}}}, "class_version": 3, "instance_fqid": "a39a02fb-3081-4222-9892-fcb174d6dff3_1"}, "b0263592-fd75-4892-b0e1-6475997fe708": {"instance_id": "b0263592-fd75-4892-b0e1-6475997fe708", "class_id": "com-snaplogic-snaps-script-script", "class_build_tag": "snapsmrc344", "class_fqid": "com-snaplogic-snaps-script-script_2-snapsmrc344", "instance_version": 1, "property_map": {"info": {"notes": {"value": null}, "label": {"value": "Script"}}, "view_serial": 100, "settings": {"language": {"value": "Python"}, "editable_content": {"value": "from com.snaplogic.scripting.language import ScriptHook\nfrom com.snaplogic.scripting.language.ScriptHook import *\n\nimport time\n\nclass DelayScript(ScriptHook):\n    def __init__(self, input, output, error, log):\n        self.input = input\n        self.output = output\n        self.error = error\n        self.log = log\n\n    def execute(self):\n        print(\"DateTime \" + time.strftime(\"%c\"))\n        time.sleep(300) # delays for 5 min\n\n        self.log.info(\"Finished executing the Transform script\")\n\n\nhook = DelayScript(input, output, error, log)"}, "execution_mode": {"value": "Execute only"}, "executable_during_suggest": {"value": false}, "script": {"expression": false, "value": null}}, "output": {"output0": {"label": {"value": "output0"}, "view_type": {"value": "document"}}}, "error": {"error0": {"label": {"value": "error0"}, "view_type": {"value": "document"}}, "error_behavior": {"value": "fail"}}}, "class_version": 2, "instance_fqid": "b0263592-fd75-4892-b0e1-6475997fe708_1"}}, "path": "/Automation1/Raghu/DashboardTests/Generalpipeline_Delay", "scrub_backup": [], "name": "Generalpipeline_Delay", "class_id": "com-snaplogic-pipeline", "render_map": {"pan_x_num": 0, "default_snaplex": "53d959aaf17d8325780afe94", "scale_ratio": 1, "detail_map": {"d8eca3be-5d0d-44f1-8446-e7bfe4c3aa35": {"grid_x_int": 3, "error": {}, "grid_y_int": 1, "rot_tail_int": 0, "input": {}, "output": {}, "rot_int": 0}, "a39a02fb-3081-4222-9892-fcb174d6dff3": {"grid_x_int": 4, "error": {}, "grid_y_int": 1, "rot_tail_int": 0, "input": {}, "output": {}, "rot_int": 0}, "b0263592-fd75-4892-b0e1-6475997fe708": {"grid_x_int": 2, "error": {}, "grid_y_int": 1, "rot_tail_int": 270, "input": {}, "output": {}, "rot_int": 0}}, "pan_y_num": 0}, "org_id": "5be4a4cded5edc0017b9aa70", "instance_id": "a5fac3eb-bcc5-4643-b623-e70a23a0f1d1", "create_time": {"$date": 1599936030755}}, {"link_serial": 102, "scrub_version": "dd6f434acae80e6b7382efe3ee4050f30b91d7fb7a65709412322daf86e55107", "update_user_id": "rkappagantu@snaplogic.com", "class_fqid": "com-snaplogic-pipeline_9", "target_runtime": "standard", "class_version": 9, "snode_id": "5f5d161f6b99f44d7399aea0", "org_snode_id": "5be4a4cded5edc0017b9aa70", "migrate_version": "develop-8246", "create_user_id": "rkappagantu@snaplogic.com", "project_snode_id": "5f5d1615eb9d0043aecabed1", "property_map": {"info": {"notes": {"value": null}, "author": {"value": "automation@snaplogic.com"}, "purpose": {"value": null}, "pipeline_doc_uri": {"value": null}, "label": {"value": "Manualpipeline_Delay"}}, "output": {}, "error": {"error_behavior": {"value": "none"}}, "input": {}, "settings": {"param_table": {"value": []}}}, "instance_version": 2, "instance_fqid": "b4ba50b8-5e43-4975-b665-e33fa86b0862_2", "link_map": {"link100": {"src_view_id": "output0", "dst_view_id": "input0", "src_id": "a7d6e89f-73a4-457f-b4a0-edf79316bb5c", "dst_id": "e47fb807-d16b-403a-a0f9-bc25eda92f9a"}, "link101": {"src_view_id": "output0", "dst_view_id": "input101", "src_id": "1f11143f-e585-4abd-80bd-04e4161572f1", "dst_id": "a7d6e89f-73a4-457f-b4a0-edf79316bb5c"}}, "update_time": {"$date": 1599936031666}, "partition_snode_id": "5f5d15fc61d027429c9a666b", "path_id": "/Automation1/Raghu/DashboardTests", "snap_map": {"e47fb807-d16b-403a-a0f9-bc25eda92f9a": {"instance_id": "e47fb807-d16b-403a-a0f9-bc25eda92f9a", "class_id": "com-snaplogic-snaps-binary-write", "class_build_tag": "snapsmrc344", "class_fqid": "com-snaplogic-snaps-binary-write_3-snapsmrc344", "instance_version": 1, "property_map": {"info": {"notes": {"value": null}, "label": {"value": "File Writer"}}, "view_serial": 100, "account": {"account_ref": {"value": {}}}, "settings": {"execution_mode": {"value": "Execute only"}, "writeHeader": {"value": false}, "executable_during_suggest": {"value": false}, "filename": {"expression": false, "value": "testwrite.csv"}, "writeEmptyFile": {"value": false}, "UserPermissionsKey": {"value": []}, "fileAction": {"value": "OVERWRITE"}}, "error": {"error0": {"label": {"value": "error0"}, "view_type": {"value": "document"}}, "error_behavior": {"value": "fail"}}, "input": {"input0": {"label": {"value": "input0"}, "view_type": {"value": "binary"}}}}, "class_version": 3, "instance_fqid": "e47fb807-d16b-403a-a0f9-bc25eda92f9a_1"}, "a7d6e89f-73a4-457f-b4a0-edf79316bb5c": {"instance_id": "a7d6e89f-73a4-457f-b4a0-edf79316bb5c", "class_id": "com-snaplogic-snaps-binary-simpleread", "class_build_tag": "snapsmrc344", "class_fqid": "com-snaplogic-snaps-binary-simpleread_1-snapsmrc344", "instance_version": 1, "property_map": {"info": {"notes": {"value": null}, "label": {"value": "File Reader"}}, "view_serial": 101, "account": {"account_ref": {"value": {}}}, "settings": {"filePath": {"expression": false, "value": "test.csv"}}, "output": {"output0": {"view_type": {"value": "binary"}, "label": {"value": "output0"}}}, "error": {"error0": {"view_type": {"value": "document"}, "label": {"value": "error0"}}, "error_behavior": {"value": "fail"}}, "input": {"input101": {"label": {"value": "input0"}, "view_type": {"value": "document"}}}}, "class_version": 1, "instance_fqid": "a7d6e89f-73a4-457f-b4a0-edf79316bb5c_1"}, "1f11143f-e585-4abd-80bd-04e4161572f1": {"instance_id": "1f11143f-e585-4abd-80bd-04e4161572f1", "class_id": "com-snaplogic-snaps-script-script", "class_build_tag": "snapsmrc344", "class_fqid": "com-snaplogic-snaps-script-script_2-snapsmrc344", "instance_version": 1, "property_map": {"info": {"notes": {"value": null}, "label": {"value": "Script"}}, "view_serial": 100, "settings": {"language": {"value": "Python"}, "editable_content": {"value": "from com.snaplogic.scripting.language import ScriptHook\nfrom com.snaplogic.scripting.language.ScriptHook import *\n\nimport time\n\nclass DelayScript(ScriptHook):\n    def __init__(self, input, output, error, log):\n        self.input = input\n        self.output = output\n        self.error = error\n        self.log = log\n\n    def execute(self):\n        print(\"DateTime \" + time.strftime(\"%c\"))\n        time.sleep(480) # delays for 5 min\n\n        self.log.info(\"Finished executing the Transform script\")\n\n\nhook = DelayScript(input, output, error, log)"}, "execution_mode": {"value": "Execute only"}, "executable_during_suggest": {"value": false}, "script": {"expression": false, "value": null}}, "output": {"output0": {"label": {"value": "output0"}, "view_type": {"value": "document"}}}, "error": {"error0": {"label": {"value": "error0"}, "view_type": {"value": "document"}}, "error_behavior": {"value": "fail"}}}, "class_version": 2, "instance_fqid": "1f11143f-e585-4abd-80bd-04e4161572f1_1"}}, "path": "/Automation1/Raghu/DashboardTests/Manualpipeline_Delay", "scrub_backup": [], "name": "Manualpipeline_Delay", "class_id": "com-snaplogic-pipeline", "render_map": {"pan_x_num": 0, "default_snaplex": "53d959aaf17d8325780afe94", "scale_ratio": 1, "detail_map": {"e47fb807-d16b-403a-a0f9-bc25eda92f9a": {"grid_x_int": 4, "error": {}, "grid_y_int": 1, "rot_tail_int": 0, "input": {}, "output": {}, "rot_int": 0}, "a7d6e89f-73a4-457f-b4a0-edf79316bb5c": {"grid_x_int": 3, "error": {}, "grid_y_int": 1, "rot_tail_int": 0, "input": {}, "output": {}, "rot_int": 0}, "1f11143f-e585-4abd-80bd-04e4161572f1": {"grid_x_int": 2, "error": {}, "grid_y_int": 1, "rot_tail_int": 270, "input": {}, "output": {}, "rot_int": 0}}, "pan_y_num": 0}, "org_id": "5be4a4cded5edc0017b9aa70", "instance_id": "b4ba50b8-5e43-4975-b665-e33fa86b0862", "create_time": {"$date": 1599936031622}}, {"link_serial": 102, "scrub_version": "dd6f434acae80e6b7382efe3ee4050f30b91d7fb7a65709412322daf86e55107", "update_user_id": "rkappagantu@snaplogic.com", "class_fqid": "com-snaplogic-pipeline_9", "target_runtime": "standard", "class_version": 9, "snode_id": "5f5d161f5e92c6769af50cd9", "org_snode_id": "5be4a4cded5edc0017b9aa70", "migrate_version": "develop-8246", "create_user_id": "rkappagantu@snaplogic.com", "project_snode_id": "5f5d1615eb9d0043aecabed1", "property_map": {"info": {"notes": {"value": null}, "author": {"value": "automation@snaplogic.com"}, "purpose": {"value": null}, "pipeline_doc_uri": {"value": null}, "label": {"value": "Generalpipeline_NoDelay"}}, "output": {}, "error": {"error_behavior": {"value": "none"}}, "input": {}, "settings": {"param_table": {"value": []}}}, "instance_version": 2, "instance_fqid": "c38bd11e-147c-46bf-9ff5-f2551c6f8021_2", "link_map": {"link100": {"src_view_id": "output0", "dst_view_id": "input0", "src_id": "15c443c6-f626-4f03-847e-345b3b0f4046", "dst_id": "f20b11bc-d305-4e4e-8508-f65b34ac8c0a"}}, "update_time": {"$date": 1599936031098}, "partition_snode_id": "5f5d15fc61d027429c9a666b", "path_id": "/Automation1/Raghu/DashboardTests", "snap_map": {"15c443c6-f626-4f03-847e-345b3b0f4046": {"instance_version": 1, "class_id": "com-snaplogic-snaps-binary-simpleread", "class_build_tag": "snapsmrc344", "class_fqid": "com-snaplogic-snaps-binary-simpleread_1-snapsmrc344", "instance_id": "15c443c6-f626-4f03-847e-345b3b0f4046", "property_map": {"info": {"notes": {"value": null}, "label": {"value": "File Reader"}}, "view_serial": 101, "account": {"account_ref": {"value": {}}}, "settings": {"filePath": {"expression": false, "value": "test.csv"}}, "output": {"output0": {"view_type": {"value": "binary"}, "label": {"value": "output0"}}}, "error": {"error0": {"view_type": {"value": "document"}, "label": {"value": "error0"}}, "error_behavior": {"value": "fail"}}, "input": {}}, "class_version": 1, "instance_fqid": "15c443c6-f626-4f03-847e-345b3b0f4046_1"}, "f20b11bc-d305-4e4e-8508-f65b34ac8c0a": {"instance_version": 1, "class_id": "com-snaplogic-snaps-binary-write", "class_build_tag": "snapsmrc344", "class_fqid": "com-snaplogic-snaps-binary-write_3-snapsmrc344", "instance_id": "f20b11bc-d305-4e4e-8508-f65b34ac8c0a", "property_map": {"info": {"notes": {"value": null}, "label": {"value": "File Writer"}}, "view_serial": 100, "account": {"account_ref": {"value": {}}}, "settings": {"execution_mode": {"value": "Execute only"}, "writeHeader": {"value": false}, "executable_during_suggest": {"value": false}, "filename": {"expression": false, "value": "testwrite.csv"}, "writeEmptyFile": {"value": false}, "UserPermissionsKey": {"value": []}, "fileAction": {"value": "OVERWRITE"}}, "error": {"error0": {"view_type": {"value": "document"}, "label": {"value": "error0"}}, "error_behavior": {"value": "fail"}}, "input": {"input0": {"view_type": {"value": "binary"}, "label": {"value": "input0"}}}}, "class_version": 3, "instance_fqid": "f20b11bc-d305-4e4e-8508-f65b34ac8c0a_1"}}, "path": "/Automation1/Raghu/DashboardTests/Generalpipeline_NoDelay", "scrub_backup": [], "name": "Generalpipeline_NoDelay", "class_id": "com-snaplogic-pipeline", "render_map": {"pan_x_num": 0, "default_snaplex": "53d959aaf17d8325780afe94", "scale_ratio": 1, "detail_map": {"15c443c6-f626-4f03-847e-345b3b0f4046": {"grid_x_int": 3, "error": {}, "grid_y_int": 1, "rot_tail_int": 0, "input": {}, "output": {}, "rot_int": 0}, "f20b11bc-d305-4e4e-8508-f65b34ac8c0a": {"grid_x_int": 4, "error": {}, "grid_y_int": 1, "rot_tail_int": 0, "input": {}, "output": {}, "rot_int": 0}}, "pan_y_num": 0}, "org_id": "5be4a4cded5edc0017b9aa70", "instance_id": "c38bd11e-147c-46bf-9ff5-f2551c6f8021", "create_time": {"$date": 1599936031039}}, {"link_serial": 104, "scrub_version": "dd6f434acae80e6b7382efe3ee4050f30b91d7fb7a65709412322daf86e55107", "update_user_id": "rkappagantu@snaplogic.com", "class_fqid": "com-snaplogic-pipeline_9", "target_runtime": "standard", "class_version": 9, "snode_id": "5f5d161f5e92c6769af50cdb", "org_snode_id": "5be4a4cded5edc0017b9aa70", "migrate_version": "develop-8246", "create_user_id": "rkappagantu@snaplogic.com", "project_snode_id": "5f5d1615eb9d0043aecabed1", "property_map": {"info": {"notes": {"value": null}, "author": {"value": "automation@snaplogic.com"}, "purpose": {"value": null}, "pipeline_doc_uri": {"value": null}, "label": {"value": "ForEach_NoDelay"}}, "output": {"11892d7f-ef22-4252-ab46-5644cd940a90_output0": {"label": {"value": "ForEach - output0"}, "view_type": {"value": "document"}}}, "error": {"error_behavior": {"value": "none"}}, "input": {}, "settings": {"param_table": {"value": []}}}, "instance_version": 2, "instance_fqid": "e33f70ed-bd25-47a8-ae7d-88eeaabcb261_2", "link_map": {"link102": {"src_view_id": "output0", "dst_view_id": "input0", "src_id": "4bf01bb8-97d6-43f3-a6fe-7f7d2e778b7f", "dst_id": "11892d7f-ef22-4252-ab46-5644cd940a90"}}, "update_time": {"$date": 1599936031448}, "partition_snode_id": "5f5d15fc61d027429c9a666b", "path_id": "/Automation1/Raghu/DashboardTests", "snap_map": {"11892d7f-ef22-4252-ab46-5644cd940a90": {"instance_version": 1, "class_id": "com-snaplogic-snaps-flow-foreach", "class_build_tag": "snapsmrc344", "class_fqid": "com-snaplogic-snaps-flow-foreach_1-snapsmrc344", "instance_id": "11892d7f-ef22-4252-ab46-5644cd940a90", "property_map": {"info": {"notes": {"value": null}, "label": {"value": "ForEach"}}, "view_serial": 100, "input": {"input0": {"view_type": {"value": "document"}, "label": {"value": "input0"}}}, "settings": {"execution_mode": {"value": "Execute only"}, "maxInstances": {"value": 50}, "exec_mode": {"value": "SYNCHRONOUS"}, "executable_during_suggest": {"value": false}, "params": {"value": []}, "batch_size": {"value": 1}, "plex_label": {"expression": false, "value": ""}, "pipeline_snode_id": {"value": "5f5d161e6b99f44d7399ae9c"}}, "error": {"error0": {"view_type": {"value": "document"}, "label": {"value": "error0"}}, "error_behavior": {"value": "fail"}}, "output": {"output0": {"view_type": {"value": "document"}, "label": {"value": "output0"}}}}, "class_version": 1, "instance_fqid": "11892d7f-ef22-4252-ab46-5644cd940a90_1"}, "4bf01bb8-97d6-43f3-a6fe-7f7d2e778b7f": {"instance_version": 1, "class_id": "com-snaplogic-snaps-transform-csvgenerator", "class_build_tag": "snapsmrc344", "class_fqid": "com-snaplogic-snaps-transform-csvgenerator_1-snapsmrc344", "instance_id": "4bf01bb8-97d6-43f3-a6fe-7f7d2e778b7f", "property_map": {"info": {"notes": {"value": null}, "label": {"value": "CSV Generator"}}, "view_serial": 101, "input": {}, "settings": {"editable_content": {"value": "parameter_master_csv\nparameter1_value1\nparameter1_value2\nparameter1_value3\nparameter1_value4\nparameter1_value5"}}, "error": {"error0": {"label": {"value": "error0"}, "view_type": {"value": "document"}}, "error_behavior": {"value": "fail"}}, "output": {"output0": {"label": {"value": "output0"}, "view_type": {"value": "document"}}}}, "class_version": 1, "instance_fqid": "4bf01bb8-97d6-43f3-a6fe-7f7d2e778b7f_1"}}, "path": "/Automation1/Raghu/DashboardTests/ForEach_NoDelay", "scrub_backup": [], "name": "ForEach_NoDelay", "class_id": "com-snaplogic-pipeline", "render_map": {"pan_x_num": 0, "default_snaplex": "53d959aaf17d8325780afe94", "scale_ratio": 1, "detail_map": {"11892d7f-ef22-4252-ab46-5644cd940a90": {"grid_x_int": 4, "error": {}, "grid_y_int": 1, "rot_tail_int": 0, "input": {}, "output": {}, "rot_int": 0}, "4bf01bb8-97d6-43f3-a6fe-7f7d2e778b7f": {"grid_x_int": 3, "error": {}, "grid_y_int": 1, "rot_tail_int": 0, "input": {}, "output": {}, "rot_int": 0}}, "pan_y_num": 0}, "org_id": "5be4a4cded5edc0017b9aa70", "instance_id": "e33f70ed-bd25-47a8-ae7d-88eeaabcb261", "create_time": {"$date": 1599936031394}}, {"link_serial": 102, "scrub_version": "dd6f434acae80e6b7382efe3ee4050f30b91d7fb7a65709412322daf86e55107", "update_user_id": "rkappagantu@snaplogic.com", "class_fqid": "com-snaplogic-pipeline_9", "target_runtime": "standard", "class_version": 9, "snode_id": "5f5d161e6fc6a4133bc072d4", "org_snode_id": "5be4a4cded5edc0017b9aa70", "migrate_version": "develop-8246", "create_user_id": "rkappagantu@snaplogic.com", "project_snode_id": "5f5d1615eb9d0043aecabed1", "property_map": {"info": {"notes": {"value": null}, "label": {"value": "Manual_Pipeline"}, "purpose": {"value": null}, "pipeline_doc_uri": {"value": null}, "author": {"value": "automation@snaplogic.com"}}, "output": {}, "error": {"error_behavior": {"value": "none"}}, "input": {}, "settings": {"param_table": {"value": []}}}, "instance_version": 2, "instance_fqid": "e43b7ed5-d930-4822-95fc-89e8517f207d_2", "link_map": {"link100": {"src_view_id": "output0", "dst_view_id": "input0", "src_id": "2ae39682-5b3f-4193-896a-2f6bfd3a4c0a", "dst_id": "1ad288e6-a5ad-4467-9ba1-fd61eb8a8761"}}, "update_time": {"$date": 1599936030979}, "partition_snode_id": "5f5d15fc61d027429c9a666b", "path_id": "/Automation1/Raghu/DashboardTests", "snap_map": {"2ae39682-5b3f-4193-896a-2f6bfd3a4c0a": {"instance_version": 1, "class_id": "com-snaplogic-snaps-binary-simpleread", "class_build_tag": "snapsmrc344", "class_fqid": "com-snaplogic-snaps-binary-simpleread_1-snapsmrc344", "instance_id": "2ae39682-5b3f-4193-896a-2f6bfd3a4c0a", "property_map": {"info": {"notes": {"value": null}, "label": {"value": "File Reader"}}, "view_serial": 101, "account": {"account_ref": {"value": {}}}, "settings": {"filePath": {"expression": false, "value": "test.csv"}}, "output": {"output0": {"view_type": {"value": "binary"}, "label": {"value": "output0"}}}, "error": {"error0": {"view_type": {"value": "document"}, "label": {"value": "error0"}}, "error_behavior": {"value": "fail"}}, "input": {}}, "class_version": 1, "instance_fqid": "2ae39682-5b3f-4193-896a-2f6bfd3a4c0a_1"}, "1ad288e6-a5ad-4467-9ba1-fd61eb8a8761": {"instance_version": 1, "class_id": "com-snaplogic-snaps-binary-write", "class_build_tag": "snapsmrc344", "class_fqid": "com-snaplogic-snaps-binary-write_3-snapsmrc344", "instance_id": "1ad288e6-a5ad-4467-9ba1-fd61eb8a8761", "property_map": {"info": {"notes": {"value": null}, "label": {"value": "File Writer"}}, "view_serial": 100, "account": {"account_ref": {"value": {}}}, "settings": {"execution_mode": {"value": "Execute only"}, "writeHeader": {"value": false}, "executable_during_suggest": {"value": false}, "filename": {"expression": false, "value": "testwrite.csv"}, "writeEmptyFile": {"value": false}, "UserPermissionsKey": {"value": []}, "fileAction": {"value": "OVERWRITE"}}, "error": {"error0": {"view_type": {"value": "document"}, "label": {"value": "error0"}}, "error_behavior": {"value": "fail"}}, "input": {"input0": {"view_type": {"value": "binary"}, "label": {"value": "input0"}}}}, "class_version": 3, "instance_fqid": "1ad288e6-a5ad-4467-9ba1-fd61eb8a8761_1"}}, "path": "/Automation1/Raghu/DashboardTests/Manual_Pipeline", "scrub_backup": [], "name": "Manual_Pipeline", "class_id": "com-snaplogic-pipeline", "render_map": {"pan_x_num": 0, "default_snaplex": "53d959aaf17d8325780afe94", "scale_ratio": 1, "detail_map": {"2ae39682-5b3f-4193-896a-2f6bfd3a4c0a": {"grid_x_int": 3, "error": {}, "grid_y_int": 1, "rot_tail_int": 0, "input": {}, "output": {}, "rot_int": 0}, "1ad288e6-a5ad-4467-9ba1-fd61eb8a8761": {"grid_x_int": 4, "error": {}, "grid_y_int": 1, "rot_tail_int": 0, "input": {}, "output": {}, "rot_int": 0}}, "pan_y_num": 0}, "org_id": "5be4a4cded5edc0017b9aa70", "instance_id": "e43b7ed5-d930-4822-95fc-89e8517f207d", "create_time": {"$date": 1599936030930}}, {"link_serial": 101, "scrub_version": "dd6f434acae80e6b7382efe3ee4050f30b91d7fb7a65709412322daf86e55107", "update_user_id": "rkappagantu@snaplogic.com", "class_fqid": "com-snaplogic-pipeline_9", "target_runtime": "standard", "class_version": 9, "snode_id": "5f5d161ff2e96125635de696", "org_snode_id": "5be4a4cded5edc0017b9aa70", "migrate_version": "develop-8246", "create_user_id": "rkappagantu@snaplogic.com", "project_snode_id": "5f5d1615eb9d0043aecabed1", "property_map": {"info": {"notes": {"value": null}, "label": {"value": "NestedMaster_Withoutwait"}, "purpose": {"value": null}, "pipeline_doc_uri": {"value": null}, "author": {"value": "automation@snaplogic.com"}}, "output": {}, "error": {"error_behavior": {"value": "none"}}, "input": {}, "settings": {"param_table": {"value": []}}}, "instance_version": 2, "instance_fqid": "e924b09c-5014-47c3-8325-57621b132413_2", "link_map": {"link100": {"src_view_id": "output0", "dst_view_id": "41f79ff5-19c2-45ee-9680-ee72b7d4a19f_input0", "src_id": "54a36daa-fb79-4fd0-bf80-19370e9468ee", "dst_id": "11a5ea91-5916-458a-8ec4-8e9297bdafaf"}}, "update_time": {"$date": 1599936031906}, "partition_snode_id": "5f5d15fc61d027429c9a666b", "path_id": "/Automation1/Raghu/DashboardTests", "snap_map": {"11a5ea91-5916-458a-8ec4-8e9297bdafaf": {"class_version": 1, "class_id": "com-snaplogic-subpipeline", "class_build_tag": "UNKNOWN", "class_fqid": "com-snaplogic-subpipeline_1", "instance_id": "11a5ea91-5916-458a-8ec4-8e9297bdafaf", "property_map": {"info": {"author": {"value": "automation@snaplogic.com"}, "notes": {"value": null}, "label": {"value": "NestedChild"}, "pipe_ref": {"value": {"label": {"value": "NestedChild"}, "ref_id": {"value": "5f5d161d5a24feaf2855d6b2"}}}, "purpose": {"value": null}, "pipeline_doc_uri": {"value": null}}, "view_serial": 100, "settings": {"param_table": {"value": []}}, "output": {}, "instance_version": 1, "error": {"error_behavior": {"value": "none"}}, "input": {"41f79ff5-19c2-45ee-9680-ee72b7d4a19f_input0": {"label": {"value": "File Writer - input0"}, "view_type": {"value": "binary"}}}}, "instance_fqid": "11a5ea91-5916-458a-8ec4-8e9297bdafaf_1", "instance_version": 1}, "54a36daa-fb79-4fd0-bf80-19370e9468ee": {"instance_version": 1, "class_id": "com-snaplogic-snaps-binary-simpleread", "class_build_tag": "snapsmrc344", "class_fqid": "com-snaplogic-snaps-binary-simpleread_1-snapsmrc344", "instance_id": "54a36daa-fb79-4fd0-bf80-19370e9468ee", "property_map": {"info": {"notes": {"value": null}, "label": {"value": "File Reader"}}, "view_serial": 100, "account": {"account_ref": {"value": {}}}, "settings": {"filePath": {"expression": false, "value": "test.csv"}}, "error": {"error0": {"view_type": {"value": "document"}, "label": {"value": "error0"}}, "error_behavior": {"value": "fail"}}, "output": {"output0": {"view_type": {"value": "binary"}, "label": {"value": "output0"}}}}, "class_version": 1, "instance_fqid": "54a36daa-fb79-4fd0-bf80-19370e9468ee_1"}}, "path": "/Automation1/Raghu/DashboardTests/NestedMaster_Withoutwait", "scrub_backup": [], "name": "NestedMaster_Withoutwait", "class_id": "com-snaplogic-pipeline", "render_map": {"pan_x_num": 0, "default_snaplex": "53d959aaf17d8325780afe94", "scale_ratio": 1, "detail_map": {"11a5ea91-5916-458a-8ec4-8e9297bdafaf": {"grid_x_int": 2, "error": {}, "grid_y_int": 2, "rot_tail_int": 0, "input": {}, "output": {}, "rot_int": 0}, "54a36daa-fb79-4fd0-bf80-19370e9468ee": {"grid_x_int": 1, "error": {}, "grid_y_int": 2, "rot_tail_int": 0, "input": {}, "output": {}, "rot_int": 0}}, "pan_y_num": 0}, "org_id": "5be4a4cded5edc0017b9aa70", "instance_id": "e924b09c-5014-47c3-8325-57621b132413", "create_time": {"$date": 1599936031849}}, {"link_serial": 102, "scrub_version": "dd6f434acae80e6b7382efe3ee4050f30b91d7fb7a65709412322daf86e55107", "update_user_id": "rkappagantu@snaplogic.com", "class_fqid": "com-snaplogic-pipeline_9", "target_runtime": "standard", "class_version": 9, "snode_id": "5f5d161f3435638acab009e8", "org_snode_id": "5be4a4cded5edc0017b9aa70", "migrate_version": "develop-8246", "create_user_id": "rkappagantu@snaplogic.com", "project_snode_id": "5f5d1615eb9d0043aecabed1", "property_map": {"info": {"notes": {"value": null}, "author": {"value": "automation@snaplogic.com"}, "purpose": {"value": null}, "pipeline_doc_uri": {"value": null}, "label": {"value": "Dashboard_Ultra_Pipeline"}}, "output": {}, "error": {"error_behavior": {"value": "none"}}, "input": {}, "settings": {"param_table": {"value": []}}}, "instance_version": 2, "instance_fqid": "fd2b28a7-270b-4b27-ab28-0516ed24c34d_2", "link_map": {"link100": {"src_view_id": "output0", "dst_view_id": "input0", "src_id": "a396b7f8-fe50-4ccb-83e9-7d9ccee1e751", "dst_id": "58a04fba-b232-47bb-88a2-4c95448e08f8"}}, "update_time": {"$date": 1599936031566}, "partition_snode_id": "5f5d15fc61d027429c9a666b", "path_id": "/Automation1/Raghu/DashboardTests", "snap_map": {"a396b7f8-fe50-4ccb-83e9-7d9ccee1e751": {"instance_id": "a396b7f8-fe50-4ccb-83e9-7d9ccee1e751", "class_id": "com-snaplogic-snaps-binary-simpleread", "class_build_tag": "snapsmrc344", "class_fqid": "com-snaplogic-snaps-binary-simpleread_1-snapsmrc344", "instance_version": 1, "property_map": {"info": {"notes": {"value": null}, "label": {"value": "File Reader"}}, "view_serial": 101, "account": {"account_ref": {"value": {}}}, "input": {}, "settings": {"filePath": {"expression": false, "value": "test.csv"}}, "error": {"error0": {"label": {"value": "error0"}, "view_type": {"value": "document"}}, "error_behavior": {"value": "fail"}}, "output": {"output0": {"label": {"value": "output0"}, "view_type": {"value": "binary"}}}}, "class_version": 1, "instance_fqid": "a396b7f8-fe50-4ccb-83e9-7d9ccee1e751_1"}, "58a04fba-b232-47bb-88a2-4c95448e08f8": {"instance_id": "58a04fba-b232-47bb-88a2-4c95448e08f8", "class_id": "com-snaplogic-snaps-binary-write", "class_build_tag": "snapsmrc344", "class_fqid": "com-snaplogic-snaps-binary-write_3-snapsmrc344", "instance_version": 1, "property_map": {"info": {"notes": {"value": null}, "label": {"value": "File Writer"}}, "view_serial": 100, "account": {"account_ref": {"value": {}}}, "settings": {"execution_mode": {"value": "Execute only"}, "writeHeader": {"value": false}, "executable_during_suggest": {"value": false}, "filename": {"expression": false, "value": "testwrite.csv"}, "writeEmptyFile": {"value": false}, "UserPermissionsKey": {"value": []}, "fileAction": {"value": "OVERWRITE"}}, "error": {"error0": {"label": {"value": "error0"}, "view_type": {"value": "document"}}, "error_behavior": {"value": "fail"}}, "input": {"input0": {"label": {"value": "input0"}, "view_type": {"value": "binary"}}}}, "class_version": 3, "instance_fqid": "58a04fba-b232-47bb-88a2-4c95448e08f8_1"}}, "path": "/Automation1/Raghu/DashboardTests/Dashboard_Ultra_Pipeline", "scrub_backup": [], "name": "Dashboard_Ultra_Pipeline", "class_id": "com-snaplogic-pipeline", "render_map": {"pan_x_num": 0, "default_snaplex": "53d959aaf17d8325780afe94", "scale_ratio": 1, "detail_map": {"a396b7f8-fe50-4ccb-83e9-7d9ccee1e751": {"grid_x_int": 2, "error": {}, "grid_y_int": 1, "rot_tail_int": 0, "input": {}, "output": {}, "rot_int": 0}, "58a04fba-b232-47bb-88a2-4c95448e08f8": {"grid_x_int": 3, "error": {}, "grid_y_int": 1, "rot_tail_int": 0, "input": {}, "output": {}, "rot_int": 0}}, "pan_y_num": 0}, "org_id": "5be4a4cded5edc0017b9aa70", "instance_id": "fd2b28a7-270b-4b27-ab28-0516ed24c34d", "create_time": {"$date": 1599936031512}}, {"note": "", "next_run_time": "2020-09-14T02:14:00+00:00", "job_id": "5f5d162229141b468efcd3d3", "parameters": {"user_id": "rkappagantu@snaplogic.com", "runtime_path_id": "Automation1/rt/cloud/dev", "debug_until": 0, "max_failures": 10, "llfeed_token": "i4oLb3QFPVstx7vuQEHF3BM3IJ4lOTuI", "include_external_urls": false, "job_type": "regular", "max_in_flight": 200, "pipeline_snode_id": "5f5d161e6b99f44d7399ae9e", "notification": {"recipients": null}, "enabled": true}, "trigger_type": "ScheduleTrigger", "last_run_time_end": "2020-09-13T02:14:00+00:00", "schedule": {"start_time": "02:14:00", "repeat": {"on": {"day": []}, "ends": {"when": "never", "occurrences": null}, "blackout_dates": [], "cron": {"month": "*", "minute": "*", "day_of_week": "*", "hour": "*", "day": "*"}, "every": 1, "by": "days"}, "time_zone": "UTC", "start_date": "2017-04-12"}, "runs": 1, "job_class": "PipelineJob", "last_run_time_start": "2020-09-13T02:14:00+00:00", "trace_path": "Automation1/Raghu/DashboardTests/ScheduledTaskDelayPipeline.trace", "trigger": {"start_time": "02:14:00", "repeat": {"on": {"day": []}, "ends": {"when": "never", "occurrences": null}, "blackout_dates": [], "cron": {"month": "*", "minute": "*", "day_of_week": "*", "hour": "*", "day": "*"}, "every": 1, "by": "days"}, "time_zone": "UTC", "start_date": "2017-04-12"}, "snode_id": "5f5d16225e92c6769af50cdd", "tag_list": null, "job_name": "ScheduledTaskDelayPipeline", "path_id": "Automation1/Raghu/DashboardTests"}, {"note": "", "runs": 0, "job_id": "5f5d162629141b468efcd3d4", "parameters": {"execution_timeout": null, "user_id": "rkappagantu@snaplogic.com", "num_instances": 1, "runtime_path_id": "Automation1/rt/cloud/dev", "debug_until": 0, "max_failures": 10, "llfeed_token": "0UREMNBwyg10uirY1IQ9fwUNonArav1k", "include_external_urls": false, "job_type": "standard", "max_in_flight": 200, "pipeline_snode_id": "5f5d161f5e92c6769af50cd9", "notification": {"recipients": null}, "job_alias": null, "enabled": true}, "schedule": {"start_time": "02:11:00", "time_zone": "UTC", "start_date": "2017-04-12"}, "trigger_type": "ScheduleTrigger", "job_class": "PipelineJob", "path_id": "Automation1/Raghu/DashboardTests", "trace_path": "Automation1/Raghu/DashboardTests/ScheduledTask.trace", "trigger": {"start_time": "02:11:00", "time_zone": "UTC", "start_date": "2017-04-12"}, "snode_id": "5f5d16266f110a422b4e604b", "tag_list": null, "job_name": "ScheduledTask"}, {"note": "", "runs": 0, "job_id": "5f5d1629d81060c42da9303d", "parameters": {"user_id": "rkappagantu@snaplogic.com", "runtime_path_id": "Automation1/rt/cloud/dev", "debug_until": 0, "max_failures": 10, "llfeed_token": "rtw6zcQQoc7GuQdE32owJy7m8w9b209Y", "include_external_urls": true, "job_type": "regular", "max_in_flight": 200, "pipeline_snode_id": "5f5d161fa9eab404cbb9aab8", "notification": {"recipients": null}, "enabled": true}, "schedule": {}, "trigger_type": "ScheduleTrigger", "external_run_url": "https://canary.elastic.snaplogic.com:443/api/1/rest/slsched/feed/Automation1/Raghu/DashboardTests/TriggeredTaskNoDelay", "job_class": "PipelineJob", "path_id": "Automation1/Raghu/DashboardTests", "trace_path": "Automation1/Raghu/DashboardTests/TriggeredTaskNoDelay.trace", "trigger": {}, "snode_id": "5f5d162944aad21311679da4", "tag_list": null, "job_name": "TriggeredTaskNoDelay"}, {"note": "", "runs": 0, "job_id": "5f5d162c29141b468efcd3d8", "parameters": {"user_id": "rkappagantu@snaplogic.com", "runtime_path_id": "Automation1/rt/cloud/dev", "debug_until": 0, "max_failures": 1, "llfeed_token": "SwyvZVYFSmkngJ5tUVHL7V6xsuOdtAnX", "include_external_urls": true, "job_type": "regular", "max_in_flight": 1, "pipeline_snode_id": "5f5d161f3435638acab009e8", "notification": {"recipients": null}, "watchdog": {"instances": 1, "per": "PLEX"}, "enabled": false}, "trigger_type": "ScheduleTrigger", "all_llfeed_run_urls": [], "schedule": {"always_on": true}, "job_class": "PipelineJob", "path_id": "Automation1/Raghu/DashboardTests", "trace_path": "Automation1/Raghu/DashboardTests/Dashboard_Ultra.trace", "trigger": {"always_on": true}, "snode_id": "5f5d162ced1c4be5e091c430", "llfeed_run_urls": [], "tag_list": null, "job_name": "Dashboard_Ultra"}, {"note": "Daily Scheduled to verify the DashBoard Please do not delet or disable", "next_run_time": "2020-09-14T07:00:00+00:00", "job_id": "5f5d162a29141b468efcd3d7", "parameters": {"user_id": "rkappagantu@snaplogic.com", "runtime_path_id": "Automation1/rt/cloud/dev", "debug_until": 0, "max_failures": 10, "llfeed_token": "1Dt0K8ZTL6L5dym0sp2IWifLBsXb0j0o", "include_external_urls": false, "job_type": "regular", "max_in_flight": 200, "pipeline_snode_id": "5f5d161f5e92c6769af50cd9", "notification": {"recipients": null}, "enabled": true}, "trigger_type": "ScheduleTrigger", "last_run_time_end": "2020-09-13T07:00:00+00:00", "schedule": {"start_time": "00:00:00", "repeat": {"on": {"day": []}, "ends": {"when": "never", "occurrences": null}, "blackout_dates": [], "cron": {"hour": "*", "day_of_week": "*", "day": "*", "minute": "*", "month": "*"}, "every": 1, "by": "days"}, "time_zone": "US/Pacific", "start_date": "2016-05-20"}, "runs": 1, "job_class": "PipelineJob", "last_run_time_start": "2020-09-13T07:00:00+00:00", "trace_path": "Automation1/Raghu/DashboardTests/DailyRunScheduledTask.trace", "trigger": {"start_time": "00:00:00", "repeat": {"on": {"day": []}, "ends": {"when": "never", "occurrences": null}, "blackout_dates": [], "cron": {"hour": "*", "day_of_week": "*", "day": "*", "minute": "*", "month": "*"}, "every": 1, "by": "days"}, "time_zone": "US/Pacific", "start_date": "2016-05-20"}, "snode_id": "5f5d162a867c768c3f93670d", "tag_list": null, "job_name": "DailyRunScheduledTask", "path_id": "Automation1/Raghu/DashboardTests"}, {"note": "", "runs": 0, "job_id": "5f5d162829141b468efcd3d5", "parameters": {"user_id": "rkappagantu@snaplogic.com", "runtime_path_id": "Automation1/rt/cloud/dev", "debug_until": 0, "max_failures": 10, "llfeed_token": "gkHrXSLYxN3yQftGUB1dN5z3ICXElXs9", "include_external_urls": true, "job_type": "regular", "max_in_flight": 200, "pipeline_snode_id": "5f5d161f3435638acab009ea", "notification": {"recipients": null}, "enabled": true}, "schedule": {}, "trigger_type": "ScheduleTrigger", "external_run_url": "https://canary.elastic.snaplogic.com:443/api/1/rest/slsched/feed/Automation1/Raghu/DashboardTests/TriggeredTaskDelay", "job_class": "PipelineJob", "path_id": "Automation1/Raghu/DashboardTests", "trace_path": "Automation1/Raghu/DashboardTests/TriggeredTaskDelay.trace", "trigger": {}, "snode_id": "5f5d16285e92c6769af50ce1", "tag_list": null, "job_name": "TriggeredTaskDelay"}, {"note": "", "runs": 0, "job_id": "5f5d1620794338850813a2a9", "parameters": {"user_id": "rkappagantu@snaplogic.com", "runtime_path_id": "Automation1/rt/cloud/dev", "debug_until": 0, "max_failures": 10, "llfeed_token": "NQwAJJAwRzqtuWmFhsZweBnzina3OsB3", "include_external_urls": false, "job_type": "regular", "max_in_flight": 200, "pipeline_snode_id": "5f5d161e6fc6a4133bc072d4", "notification": {"recipients": null}, "enabled": true}, "schedule": {"start_time": "15:59:12", "time_zone": "US/Pacific", "start_date": "2016-08-16"}, "trigger_type": "ScheduleTrigger", "job_class": "PipelineJob", "path_id": "Automation1/Raghu/DashboardTests", "trace_path": "Automation1/Raghu/DashboardTests/test.trace", "trigger": {"start_time": "15:59:12", "time_zone": "US/Pacific", "start_date": "2016-08-16"}, "snode_id": "5f5d1620eb9d0043aecabed7", "tag_list": null, "job_name": "test"}, {"note": "", "runs": 0, "job_id": "5f5d1625794338850813a2aa", "parameters": {"user_id": "rkappagantu@snaplogic.com", "runtime_path_id": "Automation1/rt/cloud/dev", "debug_until": 0, "max_failures": 10, "llfeed_token": "pP8SM1E5kXIXISc26BGmw4CNiD03V9MC", "include_external_urls": true, "job_type": "regular", "max_in_flight": 200, "pipeline_snode_id": "5f5d161e6fc6a4133bc072d2", "notification": {"recipients": null}, "watchdog": {"instances": 1, "per": "PLEX"}, "enabled": false}, "trigger_type": "ScheduleTrigger", "all_llfeed_run_urls": [], "schedule": {"always_on": true}, "job_class": "PipelineJob", "path_id": "Automation1/Raghu/DashboardTests", "trace_path": "Automation1/Raghu/DashboardTests/Dashboard_UltraDelay.trace", "trigger": {"always_on": true}, "snode_id": "5f5d16256fc6a4133bc072d6", "llfeed_run_urls": [], "tag_list": null, "job_name": "Dashboard_UltraDelay"}, {"note": "", "runs": 4, "job_id": "5f5d1623531626aba0ca01b4", "parameters": {"user_id": "rkappagantu@snaplogic.com", "runtime_path_id": "Automation1/rt/cloud/dev", "debug_until": 0, "max_failures": 10, "llfeed_token": "SPiTlsJqN2keHpJoK3j7mgyXp8mi5xeu", "include_external_urls": false, "job_type": "regular", "max_in_flight": 200, "pipeline_snode_id": "5f5d161e6b99f44d7399ae9e", "notification": {"recipients": null}, "enabled": true}, "trigger_type": "ScheduleTrigger", "last_run_time_end": "2020-09-12T18:44:00+00:00", "schedule": {"start_time": "07:16:00", "repeat": {"on": {"day": []}, "ends": {"when": "after", "occurrences": 4}, "blackout_dates": [], "cron": {"hour": "*", "day": "*", "minute": "*", "day_of_week": "*", "month": "*"}, "every": 1, "by": "minutes"}, "time_zone": "UTC", "start_date": "2016-08-12"}, "job_class": "PipelineJob", "last_run_time_start": "2020-09-12T18:43:00+00:00", "trace_path": "Automation1/Raghu/DashboardTests/ScceduledtaskFor_Check.trace", "trigger": {"start_time": "07:16:00", "repeat": {"on": {"day": []}, "ends": {"when": "after", "occurrences": 4}, "blackout_dates": [], "cron": {"hour": "*", "day": "*", "minute": "*", "day_of_week": "*", "month": "*"}, "every": 1, "by": "minutes"}, "time_zone": "UTC", "start_date": "2016-08-12"}, "snode_id": "5f5d16235e92c6769af50cdf", "tag_list": null, "job_name": "ScceduledtaskFor_Check", "path_id": "Automation1/Raghu/DashboardTests"}, {"class_id": "com-snaplogic-file", "file_name": "PipelineExeStatsPython.txt", "file_path": "/Automation1/Raghu/DashboardTests/PipelineExeStatsPython.txt", "snode_id": "5f5d16173435638acab009e4"}, {"class_id": "com-snaplogic-file", "file_name": "testwrite.csv", "file_path": "/Automation1/Raghu/DashboardTests/testwrite.csv", "snode_id": "5f5d161944aad21311679da2"}, {"class_id": "com-snaplogic-file", "file_name": "test.csv", "file_path": "/Automation1/Raghu/DashboardTests/test.csv", "snode_id": "5f5d161a61d027429c9a6671"}, {"class_id": "com-snaplogic-file", "file_name": "Filetabtest.json", "file_path": "/Automation1/Raghu/DashboardTests/Filetabtest.json", "snode_id": "5f5d161ded1c4be5e091c42c"}], "class_version": 1, "partition_shared": [], "shared": [], "path": "Automation1/Raghu/DashboardTests"}